identity,email,phone_number
781.361.413-88@done.msg.net,null,1-232-927-2293 x508
298.983.057-50@done.msg.net,null,233-257-4826
406.972.733-91@done.msg.net,null,1-422-844-7024 x8060
755.617.160-87@done.msg.net,null,615.874.7644 x5687
889.928.553-56@done.msg.net,null,1-600-635-1325 x3453
265.154.202-05@done.msg.net,null,563-862-9587 x6952
192.472.587-38@done.msg.net,null,414-596-9406
856.576.911-94@done.msg.net,null,1-914-269-2601
555.532.522-02@done.msg.net,null,1-466-677-5625 x709
720.898.351-92@done.msg.net,null,626.859.2368
060.838.972-25@done.msg.net,null,1-532-310-8381 x84960
588.443.201-94@done.msg.net,Maryse85@gmail.com,(751) 872-7896 x6367
383.777.826-86@done.msg.net,Burnice.Kovacek@yahoo.com,501.459.8706 x98821
621.871.550-22@done.msg.net,null,586-498-2543 x299
863.171.868-34@done.msg.net,null,1-781-547-1322 x7257
672.323.961-40@done.msg.net,Parker97@hotmail.com,(235) 481-6234 x16306
160.607.589-26@done.msg.net,null,977.796.2579 x4347
301.514.330-52@done.msg.net,null,(542) 598-8868 x617
000.405.778-98@done.msg.net,null,1-977-558-7812 x006
534.008.742-47@done.msg.net,null,(439) 960-6267 x5762
666.412.863-03@done.msg.net,Lera_Boyer-Will28@gmail.com,929.620.3166
472.533.227-17@done.msg.net,null,511.270.4123 x1780
125.142.753-29@done.msg.net,null,767.747.2683 x506
778.070.931-27@done.msg.net,null,(569) 554-9375 x606
041.278.345-00@done.msg.net,null,1-958-768-1360 x8454
074.958.152-00@done.msg.net,Benjamin74@gmail.com,(350) 303-7764
212.060.577-32@done.msg.net,null,584.428.6923 x759
275.815.254-25@done.msg.net,null,1-539-471-9071 x89971
273.500.159-81@done.msg.net,null,1-451-836-9121 x887
103.031.137-72@done.msg.net,null,493-912-4700 x206
096.065.148-30@done.msg.net,null,1-805-212-2732 x0727
822.307.142-53@done.msg.net,Dayton_Buckridge60@gmail.com,1-819-517-6157
468.098.741-35@done.msg.net,null,690.849.9945 x164
978.486.991-31@done.msg.net,null,244-448-4947
480.565.929-32@done.msg.net,null,314.549.9216 x5904
967.850.394-19@done.msg.net,null,1-330-509-0254 x4956
072.106.535-63@done.msg.net,Myles_Cummings75@hotmail.com,485-413-1329
014.272.918-49@done.msg.net,null,312-910-3999
262.419.435-84@done.msg.net,null,(561) 258-7992
305.517.219-91@done.msg.net,null,1-260-291-0376 x935
694.625.732-64@done.msg.net,Emerson13@hotmail.com,(651) 430-9906 x5098
351.548.416-97@done.msg.net,Nellie_Rodriguez98@yahoo.com,545-203-3703 x2792
709.456.020-27@done.msg.net,Raina_Wehner@hotmail.com,(838) 351-3836
214.275.117-71@done.msg.net,null,(260) 331-6221 x281
327.286.492-46@done.msg.net,null,901-328-3568 x56359
931.335.569-08@done.msg.net,null,1-793-652-0511 x333
634.813.368-76@done.msg.net,null,1-839-234-3821
215.983.870-96@done.msg.net,null,1-467-399-1350 x0939
941.351.837-41@done.msg.net,null,585-820-6063 x5941
295.856.387-46@done.msg.net,null,(516) 473-7960 x28399
663.522.218-40@done.msg.net,Braulio45@hotmail.com,235-720-5350 x8470
840.303.730-32@done.msg.net,null,480.354.2820 x85534
728.408.720-10@done.msg.net,Vena_Schumm-Hintz50@gmail.com,(845) 972-6243 x693
454.117.710-61@done.msg.net,Gene_Wilderman33@gmail.com,592.760.1905
789.016.323-16@done.msg.net,null,1-693-363-2459 x45630
611.576.269-22@done.msg.net,null,(362) 279-8266 x33538
927.219.814-90@done.msg.net,null,(330) 676-0786 x28081
806.426.418-25@done.msg.net,null,256-662-7333 x782
965.611.799-78@done.msg.net,null,1-415-213-5922 x66856
137.842.388-22@done.msg.net,null,802-917-0439 x773
586.253.401-11@done.msg.net,null,614.680.7899 x17002
305.268.902-64@done.msg.net,null,400-267-7422
688.316.466-19@done.msg.net,null,(890) 856-1591 x0582
920.540.464-58@done.msg.net,null,1-450-727-7161 x8346
830.317.011-94@done.msg.net,null,1-360-353-5982
676.228.367-13@done.msg.net,null,509.619.0741 x39118
836.321.440-14@done.msg.net,Zena20@gmail.com,1-609-944-3546
164.937.294-36@done.msg.net,null,494-858-6237 x3065
080.081.722-18@done.msg.net,Bert98@yahoo.com,1-485-570-7390 x2833
627.966.360-93@done.msg.net,Santina.Hodkiewicz@hotmail.com,454.565.1605
043.837.164-18@done.msg.net,Vergie.Haley52@yahoo.com,1-463-609-8081 x686
547.263.478-01@done.msg.net,null,1-268-789-1264 x494
434.390.185-88@done.msg.net,null,1-405-711-1056 x73600
882.694.043-15@done.msg.net,null,450.487.4628 x154
732.943.606-19@done.msg.net,null,1-232-343-6831
932.767.329-95@done.msg.net,null,700-563-6758 x540
734.404.197-64@done.msg.net,Marlen_Connelly20@hotmail.com,626.484.5785 x24691
836.624.918-65@done.msg.net,null,1-927-895-5135 x3795
340.241.377-57@done.msg.net,null,1-825-622-8746 x57344
369.442.203-23@done.msg.net,Karianne_Stehr69@yahoo.com,1-521-216-7098
697.688.144-17@done.msg.net,null,(925) 453-9059 x74272
922.166.977-08@done.msg.net,null,218.274.0482
925.187.635-98@done.msg.net,null,764-422-1967
657.964.699-39@done.msg.net,null,240.229.7551 x42087
714.694.120-92@done.msg.net,null,(272) 871-5672
533.772.739-29@done.msg.net,Rigoberto65@hotmail.com,(650) 480-0216 x49033
437.748.827-94@done.msg.net,null,676.631.1992 x1094
269.935.405-39@done.msg.net,null,964.520.0879
745.364.815-64@done.msg.net,null,(743) 794-3826 x19353
856.959.997-18@done.msg.net,Dawn85@gmail.com,869-281-9682
597.613.867-85@done.msg.net,null,416-398-6574 x571
013.029.441-92@done.msg.net,null,(426) 817-6417
720.311.660-28@done.msg.net,null,(942) 311-6138 x52681
628.763.061-59@done.msg.net,null,328.416.9100 x30020
740.212.344-24@done.msg.net,null,(745) 341-4635 x206
650.759.142-72@done.msg.net,null,(629) 829-5317 x642
154.409.119-52@done.msg.net,null,574-669-2296 x066
977.603.101-35@done.msg.net,null,838-898-6327 x7091
829.983.139-53@done.msg.net,null,(850) 288-8011
835.557.201-39@done.msg.net,null,293.337.5069 x67457
577.090.117-88@done.msg.net,null,811-988-6637 x6105
418.226.439-67@done.msg.net,Chaya45@hotmail.com,1-264-509-7861 x003
892.539.289-30@done.msg.net,null,(675) 478-0870 x4550
166.119.820-91@done.msg.net,null,(994) 673-0338 x1611
752.670.280-11@done.msg.net,null,208-835-4916 x36602
760.510.482-26@done.msg.net,null,238-560-8860 x582
194.075.148-37@done.msg.net,null,417.818.3710
964.245.373-38@done.msg.net,Stanton68@hotmail.com,558.704.6956 x9336
138.729.624-11@done.msg.net,null,660.423.9672 x2667
431.013.717-78@done.msg.net,null,(709) 555-9199 x04198
410.507.568-52@done.msg.net,null,351.822.1684 x2263
095.346.418-21@done.msg.net,null,990.998.6512 x54821
812.538.615-79@done.msg.net,null,(878) 949-8704 x3799
183.493.433-29@done.msg.net,null,(303) 450-8094 x3613
057.514.707-69@done.msg.net,null,225.711.7907
898.202.793-22@done.msg.net,Blair.Bergnaum@gmail.com,(875) 797-3380 x83663
689.250.075-83@done.msg.net,null,795.227.7996
654.223.427-83@done.msg.net,null,1-432-624-5688 x647
724.002.019-39@done.msg.net,null,(375) 944-2291 x14742
219.368.473-59@done.msg.net,null,703-438-0669 x618
365.262.371-22@done.msg.net,Johnathon.Quigley-Stokes@yahoo.com,200.892.5018 x7023
480.138.879-77@done.msg.net,Declan_Hoeger99@yahoo.com,993.386.7396 x94023
372.758.087-68@done.msg.net,null,948-776-5303
779.125.317-75@done.msg.net,null,(482) 449-6003
246.321.568-66@done.msg.net,Tressie60@gmail.com,1-628-698-1086 x3749
264.827.412-21@done.msg.net,null,761-317-2173 x0797
550.189.980-93@done.msg.net,null,433-565-5352
097.003.828-36@done.msg.net,Koby.Walker37@yahoo.com,1-957-211-8275 x263
082.402.554-44@done.msg.net,null,(698) 751-0930 x05515
038.484.883-33@done.msg.net,null,689-364-5794 x81407
649.592.477-19@done.msg.net,null,555-353-6389 x111
370.228.552-39@done.msg.net,null,1-613-264-9608 x62299
537.771.374-58@done.msg.net,null,477-509-3482 x39724
823.897.006-42@done.msg.net,null,312-210-2968 x2154
847.086.649-17@done.msg.net,null,(438) 682-0829 x905
631.537.190-47@done.msg.net,null,(806) 263-8890 x19414
882.993.166-39@done.msg.net,null,(952) 680-2835 x830
502.217.795-14@done.msg.net,null,280-691-3362
032.989.533-84@done.msg.net,null,961-594-7107
162.805.779-45@done.msg.net,null,1-444-532-2720
751.945.465-42@done.msg.net,Theresa73@yahoo.com,(860) 357-2748 x24937
472.752.008-16@done.msg.net,null,949-609-2292 x719
243.629.403-07@done.msg.net,null,347.966.2688 x6043
565.460.370-94@done.msg.net,null,(267) 451-6913 x168
809.593.326-98@done.msg.net,null,1-966-690-9615 x2538
293.032.415-72@done.msg.net,null,(922) 545-2026 x410
773.016.030-93@done.msg.net,null,262.671.8389 x11096
297.220.402-68@done.msg.net,null,847-698-8467 x639
400.281.128-62@done.msg.net,null,1-709-304-0112 x374
747.115.130-66@done.msg.net,null,609-957-8584 x90643
895.032.910-49@done.msg.net,null,676-518-0418 x207
917.036.712-96@done.msg.net,null,459-844-4568 x8932
073.354.520-78@done.msg.net,Gillian44@hotmail.com,(956) 772-4152 x9467
306.399.021-00@done.msg.net,null,(256) 615-5955 x83595
585.870.844-79@done.msg.net,null,(267) 855-3670
229.491.766-40@done.msg.net,null,715-763-3367 x6187
036.391.415-12@done.msg.net,null,(660) 644-0468
506.981.956-62@done.msg.net,null,635.998.7157 x0831
668.554.326-24@done.msg.net,Leslie56@yahoo.com,476-642-5893 x782
629.173.194-37@done.msg.net,null,393-212-5836 x13449
928.581.255-24@done.msg.net,Emely98@gmail.com,1-238-351-6461 x0863
767.508.365-39@done.msg.net,Elouise.Smith@gmail.com,335-260-0008
610.611.937-69@done.msg.net,null,1-916-912-0754 x55849
974.561.327-33@done.msg.net,null,592.398.7774 x04884
457.689.662-77@done.msg.net,null,980.913.4535 x0340
698.553.308-54@done.msg.net,null,(912) 447-0499 x519
192.003.340-51@done.msg.net,null,689-707-1025 x87458
857.759.353-46@done.msg.net,null,(283) 757-7841 x11210
466.579.597-44@done.msg.net,null,207.358.1849 x60597
961.532.762-88@done.msg.net,null,408.275.1864 x64136
805.735.744-80@done.msg.net,null,(548) 396-4448 x0271
345.016.519-49@done.msg.net,Blaze_Armstrong@gmail.com,774-999-8483 x72527
648.734.164-17@done.msg.net,null,(953) 962-8544 x3611
125.819.465-63@done.msg.net,Lucio.Steuber@yahoo.com,383.338.7784 x16798
766.340.225-70@done.msg.net,null,(901) 463-4614 x669
437.191.486-56@done.msg.net,null,329-323-6308 x987
993.296.217-62@done.msg.net,null,(745) 695-5593 x055
537.098.767-69@done.msg.net,Presley_Larson8@yahoo.com,873.588.0812 x669
095.042.360-45@done.msg.net,null,823-964-0621
253.490.143-64@done.msg.net,Estell_Towne74@hotmail.com,752-959-6367 x1483
020.796.001-52@done.msg.net,null,764.683.5222 x604
932.578.069-19@done.msg.net,Elliott.Harvey@yahoo.com,220-410-8551 x307
051.134.416-98@done.msg.net,null,(785) 886-4274 x93063
700.663.199-85@done.msg.net,null,1-315-700-5773 x526
801.862.758-20@done.msg.net,null,1-643-876-5814
606.996.604-05@done.msg.net,null,1-297-712-3432 x076
889.221.543-42@done.msg.net,null,1-360-723-2369 x94102
231.775.767-20@done.msg.net,Ernestine89@hotmail.com,(886) 935-9044 x93131
941.371.099-32@done.msg.net,null,491.901.5000 x11404
938.045.650-59@done.msg.net,null,(475) 522-7282 x14315
233.766.542-28@done.msg.net,null,1-225-491-0944 x2036
057.977.191-88@done.msg.net,null,(269) 411-5725 x44489
199.348.586-87@done.msg.net,null,(338) 498-3221 x308
749.235.407-36@done.msg.net,null,1-804-818-4756 x25096
322.364.453-76@done.msg.net,null,(839) 558-8020
685.845.980-45@done.msg.net,null,(485) 273-3303 x54826
214.840.387-31@done.msg.net,Adalberto_Herzog75@gmail.com,952-540-5052 x038
874.840.489-40@done.msg.net,null,566.459.5958
875.726.821-85@done.msg.net,null,1-410-729-2266 x4833
763.687.803-45@done.msg.net,null,(631) 633-9892 x54700
230.164.128-18@done.msg.net,null,203-245-9858
841.688.775-43@done.msg.net,null,(480) 897-9897 x899
613.697.144-62@done.msg.net,null,764-520-9689 x04531
852.252.707-69@done.msg.net,null,1-902-340-0696 x98600
051.345.292-87@done.msg.net,null,284.504.0650
463.135.187-38@done.msg.net,null,990.458.1413 x0373
100.089.344-66@done.msg.net,null,214-445-9947 x6384
951.274.321-71@done.msg.net,null,780.895.7963 x923
272.628.349-09@done.msg.net,null,934-772-5778 x504
242.045.561-26@done.msg.net,null,1-204-811-6247
467.147.971-95@done.msg.net,null,944-976-9477 x07267
283.931.493-81@done.msg.net,Albina.Koepp@gmail.com,913-931-1502 x0540
225.843.288-71@done.msg.net,null,1-564-297-0424 x516
694.901.691-91@done.msg.net,null,1-522-487-4463
455.539.728-50@done.msg.net,Mauricio_Reichert@hotmail.com,(237) 766-1084 x8047
700.567.610-44@done.msg.net,null,1-283-888-3780 x53023
133.582.760-46@done.msg.net,null,641.669.9005 x2205
925.407.205-51@done.msg.net,null,(250) 393-9996
119.601.282-12@done.msg.net,null,1-863-857-0781 x139
672.305.448-93@done.msg.net,null,(347) 283-1084 x47674
056.961.878-08@done.msg.net,null,971.214.0424 x89842
004.062.155-76@done.msg.net,null,750.248.8339 x6844
515.451.155-82@done.msg.net,null,553-504-3124 x00339
986.029.859-19@done.msg.net,null,1-722-216-1841
518.467.159-39@done.msg.net,null,881-853-3802
364.234.756-32@done.msg.net,null,(733) 378-0803
507.889.139-70@done.msg.net,null,1-569-288-0517 x1000
683.064.033-35@done.msg.net,null,294-655-4497 x5543
805.610.094-67@done.msg.net,null,1-681-806-4467 x59856
756.161.079-80@done.msg.net,Gardner_DAmore@yahoo.com,704.581.0803 x3911
848.322.240-14@done.msg.net,Francesco10@gmail.com,1-970-756-5671
746.555.129-73@done.msg.net,null,919-786-9611 x30727
026.534.374-99@done.msg.net,Rosa.McKenzie@yahoo.com,950.589.6503 x222
394.009.061-37@done.msg.net,null,833.724.8269 x9340
660.938.369-60@done.msg.net,null,1-305-463-1540 x90119
625.541.864-22@done.msg.net,Ansley55@yahoo.com,554-897-7320 x16303
403.512.031-57@done.msg.net,null,(236) 894-5505
340.121.587-53@done.msg.net,null,(751) 891-0565 x978
551.695.083-40@done.msg.net,null,(943) 300-6512 x2219
008.918.514-46@done.msg.net,null,630-995-5190 x25638
566.764.488-33@done.msg.net,null,1-944-724-5735 x21576
909.652.748-22@done.msg.net,null,428-804-0430
691.068.527-40@done.msg.net,Beryl90@yahoo.com,1-268-354-6671
572.077.548-48@done.msg.net,null,1-665-587-8813
367.579.559-80@done.msg.net,Antonette_Cronin@gmail.com,891.445.6019 x353
400.733.349-41@done.msg.net,null,844-508-9827 x0572
440.077.647-95@done.msg.net,null,396.619.0897 x61173
824.979.685-20@done.msg.net,null,(332) 687-1518
286.049.316-04@done.msg.net,Wendell.Feeney@gmail.com,1-421-966-2437 x2788
544.040.927-47@done.msg.net,null,1-693-436-6722 x004
462.584.011-46@done.msg.net,null,414-581-5955 x101
630.392.690-79@done.msg.net,null,(848) 673-0011 x8210
522.197.714-74@done.msg.net,null,1-721-978-6358 x510
963.704.780-30@done.msg.net,null,275.475.3568 x8033
597.779.688-57@done.msg.net,Cecile.Kautzer@yahoo.com,(445) 997-6094
982.047.189-46@done.msg.net,null,262.993.0922 x2536
158.890.683-07@done.msg.net,null,537.523.8582 x9660
433.815.598-57@done.msg.net,null,(511) 867-7739 x558
899.913.987-40@done.msg.net,null,1-495-478-8959
915.207.370-27@done.msg.net,null,(283) 713-7866 x84921
777.811.007-28@done.msg.net,null,756.779.4127 x500
545.602.742-26@done.msg.net,null,496-300-9196
676.317.522-72@done.msg.net,Carissa11@hotmail.com,1-983-435-5577 x8451
985.423.432-06@done.msg.net,null,1-438-628-2652
327.371.383-13@done.msg.net,Geovanny_Rosenbaum@hotmail.com,943-521-2499 x04657
671.524.345-77@done.msg.net,null,1-501-982-2287 x32567
166.234.115-07@done.msg.net,null,329.221.3375
051.685.493-83@done.msg.net,null,1-296-987-6251 x5611
358.834.341-20@done.msg.net,null,(571) 618-4224
046.527.433-53@done.msg.net,Giovanni_Wiza@hotmail.com,644-579-1034 x2332
551.309.453-71@done.msg.net,null,1-223-849-3423 x8335
310.038.543-19@done.msg.net,null,509-529-6315 x532
608.177.375-09@done.msg.net,null,1-812-856-5172 x419
655.059.016-77@done.msg.net,null,424.519.8656 x11672
229.889.704-14@done.msg.net,Kaitlin.Medhurst9@gmail.com,1-554-856-7290
570.275.285-39@done.msg.net,null,(561) 911-3051 x80271
989.708.384-30@done.msg.net,null,675.256.2401 x845
322.649.173-74@done.msg.net,Laury_Miller@gmail.com,592-650-7573 x2785
073.289.427-76@done.msg.net,null,1-672-637-6546 x557
309.035.768-72@done.msg.net,Noel.Watsica@hotmail.com,1-761-589-2885 x3192
641.407.398-89@done.msg.net,null,1-866-903-5842
404.272.583-06@done.msg.net,null,279-539-0286 x40649
347.128.449-27@done.msg.net,Afton94@yahoo.com,1-907-618-3883
148.077.856-06@done.msg.net,null,1-513-687-5000 x4190
747.902.724-73@done.msg.net,null,499-796-2853 x1994
668.972.549-70@done.msg.net,Emie_Kozey@gmail.com,1-932-764-1142 x723
086.202.499-56@done.msg.net,null,232.643.5424 x15382
778.666.435-19@done.msg.net,null,1-854-657-7665 x71574
313.213.930-17@done.msg.net,Carolyn16@gmail.com,(405) 400-8773 x0500
276.120.463-28@done.msg.net,null,1-628-696-5824
999.771.653-10@done.msg.net,null,1-387-632-1581 x523
221.597.096-74@done.msg.net,Brandon_Weimann@gmail.com,1-704-206-9102 x789
549.845.157-97@done.msg.net,Humberto.Zieme49@gmail.com,706.635.6323 x05194
368.189.616-43@done.msg.net,null,422.564.9958 x251
056.052.176-13@done.msg.net,null,(595) 229-2072 x940
333.044.306-31@done.msg.net,null,430.292.1142 x002
336.660.241-82@done.msg.net,Maxime_Bogan91@hotmail.com,(880) 804-3484 x80955
008.043.570-87@done.msg.net,null,413-348-6628 x982
705.414.170-74@done.msg.net,null,1-478-590-1212 x1946
703.731.025-55@done.msg.net,null,551.974.3125 x53933
212.317.798-00@done.msg.net,null,1-615-781-9196 x4555
758.067.440-55@done.msg.net,null,(962) 721-6197
140.592.498-89@done.msg.net,null,1-229-616-1908 x491
051.982.713-26@done.msg.net,null,(228) 670-2389 x9806
569.746.676-73@done.msg.net,null,224-976-8711 x73475
298.303.338-28@done.msg.net,Orville_Parker-Skiles@hotmail.com,(864) 446-7645 x087
165.696.887-35@done.msg.net,Adella56@gmail.com,990-757-5647 x625
705.601.205-29@done.msg.net,null,901.364.4202 x97204
224.507.631-82@done.msg.net,null,1-813-838-4333 x2205
748.250.466-23@done.msg.net,Omer.Schneider62@hotmail.com,1-451-883-6870 x309
788.537.691-78@done.msg.net,null,738-928-2467 x9368
435.644.918-36@done.msg.net,null,904-477-9770 x7262
663.300.697-99@done.msg.net,null,1-633-774-8761 x2176
422.585.321-35@done.msg.net,null,970.307.9851
095.061.559-48@done.msg.net,null,801.277.3297 x33516
678.928.810-49@done.msg.net,null,684.213.3100 x42875
600.361.503-58@done.msg.net,null,435-622-4552 x6734
873.196.969-98@done.msg.net,null,985.646.3769
763.843.909-49@done.msg.net,Ayden62@yahoo.com,639-928-4103
363.231.153-21@done.msg.net,Kadin_Marks45@gmail.com,214-322-8400 x0759
371.425.704-08@done.msg.net,null,298.621.8732 x43694
755.091.099-13@done.msg.net,null,849.915.5195
262.859.957-22@done.msg.net,David92@hotmail.com,1-976-457-1079 x44228
577.749.240-73@done.msg.net,null,626.759.6403
690.047.734-85@done.msg.net,null,(493) 405-4468
101.143.253-24@done.msg.net,null,1-246-477-8072 x31673
535.937.087-92@done.msg.net,null,(274) 366-8950
841.187.972-25@done.msg.net,Camila43@yahoo.com,(473) 649-7211 x8600
161.258.468-24@done.msg.net,null,942.954.0895 x8053
766.269.074-11@done.msg.net,null,472-960-5511 x35981
404.639.335-63@done.msg.net,Lola_Ferry@yahoo.com,1-696-802-0288
210.599.264-98@done.msg.net,Braxton_Marvin75@hotmail.com,223.770.1188 x4996
092.962.166-61@done.msg.net,null,1-556-777-0177 x483
841.061.228-99@done.msg.net,Samanta84@yahoo.com,715.588.0135 x1022
662.910.561-61@done.msg.net,null,(608) 338-9591 x595
608.609.779-71@done.msg.net,null,1-512-331-4329
099.996.627-98@done.msg.net,null,(624) 200-3981 x7956
349.589.044-47@done.msg.net,null,(825) 761-7144 x41049
368.141.678-18@done.msg.net,null,563-839-5484 x48757
671.024.292-61@done.msg.net,null,(729) 342-6747 x049
676.704.056-03@done.msg.net,Felton_Lindgren@hotmail.com,1-408-533-7412 x4607
098.274.247-47@done.msg.net,null,1-654-545-7476 x095
307.212.253-44@done.msg.net,null,1-228-477-8359 x429
043.010.818-66@done.msg.net,Nicholaus.Barrows65@gmail.com,1-355-986-1278
986.941.363-76@done.msg.net,Jace12@yahoo.com,910.541.3548 x6333
528.192.573-09@done.msg.net,null,(645) 275-2645 x29408
193.267.977-05@done.msg.net,null,541.282.0176 x966
252.391.249-40@done.msg.net,null,1-214-446-8890 x540
039.563.069-51@done.msg.net,Weldon_Stiedemann66@gmail.com,735-637-3309
136.381.471-59@done.msg.net,null,247.831.5649 x81362
784.699.275-16@done.msg.net,Theresia_Luettgen@yahoo.com,938-677-5635 x65034
608.225.738-04@done.msg.net,null,379.809.3854
500.958.378-14@done.msg.net,Tyra57@yahoo.com,(830) 785-5625 x417
182.106.822-39@done.msg.net,Keyshawn35@gmail.com,217-925-0970 x46032
694.741.977-62@done.msg.net,null,1-536-884-9795 x423
679.887.747-05@done.msg.net,null,648-691-1895 x44950
315.814.765-05@done.msg.net,null,404.317.0071 x86016
585.264.985-65@done.msg.net,null,1-251-569-5244 x707
818.416.269-97@done.msg.net,null,1-210-775-0992 x69644
926.253.198-23@done.msg.net,null,816-409-1902 x247
843.467.591-72@done.msg.net,null,(670) 657-7731 x3926
110.010.688-55@done.msg.net,null,951.537.5523
207.134.345-68@done.msg.net,null,360-438-7916
629.312.783-79@done.msg.net,Colton_McCullough@yahoo.com,445-410-7171
768.898.042-12@done.msg.net,null,406.289.8958 x4620
542.322.158-41@done.msg.net,null,1-339-658-9292 x10267
224.230.652-42@done.msg.net,null,(985) 592-1034 x69848
316.658.112-26@done.msg.net,Danial.Smith21@gmail.com,676.264.9479 x142
807.559.072-73@done.msg.net,Ali18@gmail.com,(583) 749-0858 x76969
855.071.357-44@done.msg.net,null,910.597.3965 x8289
478.693.905-33@done.msg.net,null,1-757-551-3047 x0621
060.363.958-17@done.msg.net,null,1-405-899-4259 x82374
656.768.209-76@done.msg.net,null,241.850.7262 x578
470.390.044-21@done.msg.net,null,(289) 949-1182 x863
300.046.542-07@done.msg.net,null,1-879-563-0156 x93400
393.976.536-08@done.msg.net,null,841-644-2185
238.952.034-22@done.msg.net,null,818-925-5193
275.359.480-07@done.msg.net,null,511.327.6770 x52508
647.467.725-22@done.msg.net,null,473.489.9277
165.550.359-97@done.msg.net,null,(647) 719-6952 x1341
605.206.707-11@done.msg.net,null,769.928.9672 x6355
509.448.094-12@done.msg.net,null,1-547-334-8209
146.897.436-91@done.msg.net,Meta.Beer@hotmail.com,(976) 799-7405
839.766.434-04@done.msg.net,null,202.465.0387 x314
931.694.261-91@done.msg.net,null,1-914-599-6807 x1348
973.455.788-84@done.msg.net,null,(415) 413-1497 x8623
863.041.601-94@done.msg.net,null,212.540.3460 x66926
983.731.778-35@done.msg.net,null,460.725.4140 x915
560.871.445-35@done.msg.net,null,855-871-7647
286.261.525-56@done.msg.net,null,879.510.1873
777.396.528-43@done.msg.net,null,(312) 673-9656 x4363
600.721.184-91@done.msg.net,null,758.639.7840
211.094.396-48@done.msg.net,null,832-221-0592
066.875.589-85@done.msg.net,null,206-801-4464 x3465
757.331.312-74@done.msg.net,Dylan78@gmail.com,1-961-750-8586 x1516
929.667.479-65@done.msg.net,null,321-835-4899 x7553
166.719.372-81@done.msg.net,null,1-336-921-5167 x5210
263.654.454-94@done.msg.net,null,363-482-7976 x67490
078.367.304-77@done.msg.net,null,354-440-7637
316.549.182-70@done.msg.net,null,1-769-811-2432 x72253
521.024.259-31@done.msg.net,null,(780) 778-7845
137.409.396-33@done.msg.net,null,(998) 302-0826 x37470
247.957.130-46@done.msg.net,null,893-863-3993
555.207.299-57@done.msg.net,null,240-882-0099
691.932.976-90@done.msg.net,null,264.798.2649
412.490.273-32@done.msg.net,Guy.Herman@hotmail.com,734.509.5086 x2882
739.960.301-23@done.msg.net,null,1-970-921-7227 x633
234.327.834-94@done.msg.net,null,1-223-904-1140
569.874.745-72@done.msg.net,null,(774) 227-4657 x49928
470.629.739-23@done.msg.net,null,655.481.2934 x5985
811.551.205-65@done.msg.net,null,862.539.0620 x1243
986.470.753-08@done.msg.net,null,1-615-605-5432
387.661.891-98@done.msg.net,null,269.440.5601 x97762
549.635.080-68@done.msg.net,null,851-271-6033 x9114
221.306.586-32@done.msg.net,null,654-563-8114 x171
180.891.853-56@done.msg.net,null,701-497-1388 x1406
187.977.951-37@done.msg.net,null,1-518-903-1783
432.550.211-30@done.msg.net,null,1-370-964-5245 x774
920.750.765-07@done.msg.net,null,(872) 839-1778 x3132
175.405.409-12@done.msg.net,null,1-517-514-9239 x9840
112.957.244-02@done.msg.net,Lizeth_Kris@gmail.com,675-645-7303 x13123
526.123.223-04@done.msg.net,null,1-283-554-0149 x17184
196.840.384-36@done.msg.net,Erling20@hotmail.com,229.622.0367 x650
354.775.651-06@done.msg.net,null,(840) 686-3661 x1120
020.380.973-28@done.msg.net,Giuseppe_Streich16@yahoo.com,297.637.1458 x13842
266.138.196-90@done.msg.net,null,1-202-395-2901 x06124
239.233.960-28@done.msg.net,null,308.263.7624 x76099
583.872.946-10@done.msg.net,null,323-644-1049 x158
852.181.106-89@done.msg.net,null,214.674.2358 x8993
321.655.681-56@done.msg.net,null,768-596-9537 x25862
985.555.995-49@done.msg.net,null,(738) 731-4184 x551
428.350.134-96@done.msg.net,null,1-651-687-4593
630.575.289-18@done.msg.net,null,266.456.7128 x61840
072.550.376-83@done.msg.net,null,751.704.8875 x46679
264.283.210-48@done.msg.net,null,1-414-960-2468 x49360
397.796.367-95@done.msg.net,null,1-214-926-9213 x76021
173.812.255-21@done.msg.net,Mittie96@gmail.com,692.697.5659 x7406
929.017.272-22@done.msg.net,null,718.841.6357 x5674
200.078.410-15@done.msg.net,null,1-520-572-8245 x18856
447.950.409-86@done.msg.net,null,1-540-579-6425 x72547
696.034.310-50@done.msg.net,null,367-515-5090 x50062
263.518.952-04@done.msg.net,null,796-616-5540
659.424.947-42@done.msg.net,null,992-921-2336 x796
899.519.189-56@done.msg.net,null,396.765.3582 x708
000.221.603-92@done.msg.net,null,897.352.8925 x0903
987.030.596-46@done.msg.net,Bret.Powlowski23@gmail.com,882.367.6168
119.168.596-02@done.msg.net,null,(950) 439-6723 x00817
071.430.480-47@done.msg.net,Anais1@hotmail.com,485.777.1897 x0650
426.457.644-03@done.msg.net,null,1-639-207-9037 x15667
280.031.951-44@done.msg.net,null,202.708.0476
853.502.228-81@done.msg.net,null,1-363-259-7441 x199
665.292.486-97@done.msg.net,null,1-732-397-3856
731.965.943-90@done.msg.net,null,1-916-278-8142 x737
640.785.964-75@done.msg.net,Tyler_Kuhlman57@hotmail.com,728.765.0202
112.700.044-40@done.msg.net,null,1-420-208-7178
933.060.000-95@done.msg.net,null,(879) 869-1966 x63147
405.904.814-68@done.msg.net,Francisca85@yahoo.com,1-672-666-2028 x3110
924.412.344-20@done.msg.net,null,(856) 812-3036 x456
387.012.009-55@done.msg.net,null,842.478.0405 x307
607.595.711-18@done.msg.net,null,604-580-3660 x96571
051.884.373-01@done.msg.net,null,(348) 844-5037 x4421
302.437.768-42@done.msg.net,null,438.709.7824 x513
694.910.390-98@done.msg.net,null,1-308-377-9317 x8149
945.683.682-12@done.msg.net,null,630.362.0205 x53574
997.139.677-83@done.msg.net,null,871.478.6086 x06589
078.007.353-48@done.msg.net,Donny.OKon30@hotmail.com,1-668-808-5491 x309
726.689.036-04@done.msg.net,null,214-364-4911 x96062
552.668.104-34@done.msg.net,null,427.986.6113
648.414.584-19@done.msg.net,Vickie.Nolan69@gmail.com,1-498-337-2532 x5646
859.127.180-34@done.msg.net,null,674.753.4619 x500
422.684.962-99@done.msg.net,null,794.344.0544
809.638.840-61@done.msg.net,null,901.307.7203
781.607.271-88@done.msg.net,Miles99@gmail.com,1-335-258-0261 x1115
951.393.971-05@done.msg.net,Morton.Gibson59@gmail.com,1-815-808-4231 x38318
290.779.005-60@done.msg.net,Monty36@gmail.com,407.965.4557 x8435
037.424.768-72@done.msg.net,null,1-298-384-3458 x259
537.713.578-52@done.msg.net,null,375.519.4011
244.970.457-53@done.msg.net,Martin.Weber17@yahoo.com,452-334-9295 x00060
420.590.048-72@done.msg.net,Korbin_Franecki54@gmail.com,861.603.1565 x25213
096.797.483-22@done.msg.net,null,891-922-8426 x024
275.391.069-20@done.msg.net,null,411.372.4853 x11671
712.269.506-92@done.msg.net,null,449-763-7207 x25490
737.629.325-88@done.msg.net,Raquel_Bednar46@gmail.com,(600) 440-7437 x816
930.854.137-28@done.msg.net,Jayce.Bruen-Stracke73@gmail.com,1-284-566-2388 x237
483.442.358-44@done.msg.net,null,374-388-4982 x813
413.541.800-64@done.msg.net,null,1-336-385-5270 x3803
192.265.006-98@done.msg.net,Jovan.Parker-Price@yahoo.com,1-316-787-1799 x2009
804.929.790-26@done.msg.net,null,1-729-476-6940
893.876.377-70@done.msg.net,Janiya_Morar@gmail.com,(206) 409-1510 x1595
127.728.001-38@done.msg.net,null,(648) 497-7033 x9693
782.071.624-45@done.msg.net,null,1-874-984-0605 x3346
297.196.442-07@done.msg.net,null,418.986.0334 x95711
494.622.233-64@done.msg.net,null,1-918-441-1657 x5921
473.666.916-75@done.msg.net,Hope_Terry@hotmail.com,1-531-573-3248
843.325.238-47@done.msg.net,Doyle_Mann54@yahoo.com,467.456.4068 x2950
051.469.739-06@done.msg.net,null,503.992.4287
955.974.593-48@done.msg.net,Zelma_OHara37@yahoo.com,(794) 898-1272 x42177
740.882.834-63@done.msg.net,Heather_Gerhold81@gmail.com,(515) 409-2328 x7137
767.195.358-56@done.msg.net,null,1-983-906-9045 x702
340.931.198-46@done.msg.net,null,899-411-7923 x40969
761.051.112-04@done.msg.net,Lucas.Quigley81@yahoo.com,(261) 717-3099 x04349
178.380.142-76@done.msg.net,null,746.233.6667 x28961
467.200.131-79@done.msg.net,Kieran.Stamm91@gmail.com,966-430-9936 x73258
084.533.918-35@done.msg.net,null,1-359-530-9150 x47489
331.508.132-76@done.msg.net,null,808-844-2120 x12346
329.719.982-21@done.msg.net,null,(566) 740-7081 x791
504.628.224-22@done.msg.net,null,758.237.1797 x25947
893.825.962-66@done.msg.net,null,(464) 383-3089
990.003.563-37@done.msg.net,null,1-301-913-0277 x9098
765.046.540-83@done.msg.net,null,909.498.9974 x8332
879.297.625-87@done.msg.net,null,898.809.5661 x421
295.829.183-58@done.msg.net,null,1-506-322-7489 x445
305.535.232-90@done.msg.net,null,616.358.7228
344.692.435-81@done.msg.net,null,(278) 796-3593 x118
235.437.734-42@done.msg.net,null,1-629-609-9351 x71356
112.191.815-03@done.msg.net,null,1-770-818-8711 x917
339.228.217-95@done.msg.net,null,868-631-2295 x321
381.933.943-14@done.msg.net,null,356.987.8037 x280
374.586.286-38@done.msg.net,Thad.Doyle@yahoo.com,423-664-1187 x03156
217.747.904-30@done.msg.net,null,271.817.3938
061.133.289-94@done.msg.net,null,591-958-9980
742.773.059-77@done.msg.net,Grayson_Trantow20@hotmail.com,(375) 200-4163
640.207.044-53@done.msg.net,null,(766) 791-2733 x858
068.203.248-57@done.msg.net,null,1-540-263-2070 x20766
989.432.587-50@done.msg.net,null,(393) 936-6022 x53596
666.140.834-76@done.msg.net,null,1-469-389-4163 x2612
761.879.720-77@done.msg.net,null,875-735-7995 x3780
435.687.091-43@done.msg.net,null,318.868.6780 x385
370.417.091-62@done.msg.net,null,(769) 598-5903 x405
312.309.495-71@done.msg.net,null,356-626-6635
910.733.223-50@done.msg.net,null,1-563-403-4014 x613
579.796.442-35@done.msg.net,null,365-721-2700 x049
743.323.145-91@done.msg.net,null,297.247.6798 x675
553.601.238-21@done.msg.net,null,1-518-336-2160
055.584.528-46@done.msg.net,null,502-424-0323 x261
014.694.965-53@done.msg.net,null,367-756-6772 x8254
114.993.950-45@done.msg.net,null,616-982-5861
029.122.743-50@done.msg.net,null,1-944-299-8810
339.105.957-81@done.msg.net,null,856.859.7982
404.291.150-16@done.msg.net,null,(902) 232-8742 x81293
599.962.096-85@done.msg.net,null,(518) 942-8075 x345
985.894.614-29@done.msg.net,null,881-707-1069 x4242
742.053.478-04@done.msg.net,null,1-864-808-4264 x896
190.130.261-52@done.msg.net,null,529-749-4566 x589
158.965.680-84@done.msg.net,null,554-762-5154
851.935.240-13@done.msg.net,null,361.395.0577 x84354
958.507.435-31@done.msg.net,null,(271) 423-5225 x1481
480.227.325-14@done.msg.net,Estelle36@gmail.com,1-908-422-2294 x665
121.337.886-71@done.msg.net,null,995-733-1676 x29227
076.285.830-87@done.msg.net,null,921-597-8390 x896
195.036.889-39@done.msg.net,Caterina_Jacobson53@yahoo.com,1-997-827-6366 x373
512.425.957-66@done.msg.net,null,990.349.2079 x938
634.043.982-03@done.msg.net,null,(687) 791-5250 x9613
188.245.065-13@done.msg.net,Mikayla_Terry43@yahoo.com,373-445-5896
447.684.961-88@done.msg.net,null,1-697-804-8237
757.707.981-44@done.msg.net,null,398-611-9584 x419
056.658.065-78@done.msg.net,null,(521) 875-1795 x9370
011.097.195-90@done.msg.net,Gisselle.Mueller7@hotmail.com,(592) 581-0368 x92700
029.414.023-95@done.msg.net,Kaycee.Bode-Ortiz@yahoo.com,1-774-552-8711 x1767
533.974.473-57@done.msg.net,null,336.385.8698 x39863
740.817.957-76@done.msg.net,null,305.994.5477 x873
210.375.737-97@done.msg.net,null,207-215-7242 x72916
231.578.465-67@done.msg.net,Alverta.Hermann@gmail.com,792.379.7180 x8264
418.453.403-00@done.msg.net,null,1-297-591-3040 x1029
150.978.570-00@done.msg.net,Herminia54@yahoo.com,(538) 951-9734 x42439
504.004.038-81@done.msg.net,Michaela.Pollich@gmail.com,1-540-564-9629 x384
105.901.695-41@done.msg.net,null,1-626-879-2462 x658
641.858.075-00@done.msg.net,null,1-564-257-7157 x1846
294.485.956-03@done.msg.net,null,443.730.3818
043.302.328-61@done.msg.net,null,678-484-7135 x411
491.858.045-60@done.msg.net,null,1-554-382-8257 x32864
746.333.310-21@done.msg.net,null,(832) 436-6018 x51334
980.333.204-65@done.msg.net,null,904-952-1544
601.200.698-73@done.msg.net,null,851-288-3329 x0123
986.624.876-22@done.msg.net,null,850.368.6892
854.441.081-45@done.msg.net,null,842-355-3375 x91050
045.036.321-09@done.msg.net,null,479.720.2645 x0497
420.816.190-98@done.msg.net,Liam.Reilly@gmail.com,459.917.5164 x072
420.811.736-14@done.msg.net,null,1-312-359-1071 x234
826.292.321-66@done.msg.net,Muhammad_Wolff@yahoo.com,490.446.9085 x798
565.902.738-19@done.msg.net,null,916-473-4841
169.364.450-94@done.msg.net,null,944.540.4701 x48359
419.244.304-46@done.msg.net,null,588.219.5469 x48704
973.193.551-85@done.msg.net,null,1-578-237-6712 x2735
281.937.803-21@done.msg.net,null,726.620.2838
328.885.455-19@done.msg.net,null,752-312-3428 x133
921.383.262-02@done.msg.net,null,(844) 579-8713
275.879.543-09@done.msg.net,null,798.554.1516 x978
738.228.671-62@done.msg.net,Anya99@yahoo.com,666-741-6459 x94064
424.720.935-33@done.msg.net,null,451-785-0333 x32821
727.265.026-80@done.msg.net,Griffin.Tremblay90@yahoo.com,(401) 912-6679 x6765
669.296.626-57@done.msg.net,null,201.528.6386
734.474.403-63@done.msg.net,Clark.Hayes28@gmail.com,901.201.7355
552.964.836-52@done.msg.net,null,525.369.7777
893.035.130-05@done.msg.net,Alda.Kassulke@hotmail.com,224.776.1348 x18979
954.089.143-43@done.msg.net,null,918.584.1678 x3021
492.221.749-86@done.msg.net,Angelina_Hauck4@hotmail.com,604.975.3090 x58288
925.663.974-27@done.msg.net,Marilie_Becker57@hotmail.com,700.953.1758 x216
522.134.730-05@done.msg.net,null,724-543-4967
422.805.807-19@done.msg.net,null,1-896-968-5098 x59526
496.485.553-96@done.msg.net,null,927-673-1797 x9537
881.345.826-48@done.msg.net,null,1-917-360-2473 x7537
974.315.482-56@done.msg.net,null,1-385-901-6383
205.687.075-36@done.msg.net,Aurelie_Kuphal@yahoo.com,676.641.9505 x91961
578.442.378-00@done.msg.net,null,990-575-3474
824.454.939-03@done.msg.net,null,645-431-8803 x20060
473.209.277-67@done.msg.net,null,826.523.8261 x5335
362.386.974-20@done.msg.net,Noemy.Jenkins15@hotmail.com,375.868.9646
352.015.081-36@done.msg.net,null,803-830-5562
213.771.636-94@done.msg.net,Karlie57@hotmail.com,1-206-996-0294
428.904.171-90@done.msg.net,null,(286) 696-2986 x4547
908.483.186-59@done.msg.net,null,1-605-264-1858 x640
612.596.261-23@done.msg.net,null,(968) 858-0457 x48223
368.844.136-25@done.msg.net,null,1-541-890-5832 x74368
447.354.383-84@done.msg.net,Liana_Miller@gmail.com,(727) 550-7267 x69723
688.717.755-85@done.msg.net,Lawrence47@hotmail.com,(944) 255-3697 x12860
459.719.694-05@done.msg.net,null,856-427-1473 x950
134.622.068-27@done.msg.net,Kenny3@gmail.com,649-470-6779 x4844
596.759.885-02@done.msg.net,Quentin_Sipes24@gmail.com,(412) 206-0693 x64790
143.724.742-57@done.msg.net,Everette96@yahoo.com,647-828-9808 x24180
630.477.774-37@done.msg.net,null,(296) 663-5761
681.112.436-77@done.msg.net,null,906.850.7164 x71512
436.916.810-92@done.msg.net,Loren_Frami@yahoo.com,1-905-908-3586
702.790.334-70@done.msg.net,Loyce89@gmail.com,1-999-426-2903 x92954
751.325.890-42@done.msg.net,null,1-536-743-9924 x46290
789.710.582-19@done.msg.net,null,(976) 385-5043 x105
028.217.687-37@done.msg.net,Alicia_Nienow@hotmail.com,(360) 680-2101 x679
174.338.779-03@done.msg.net,null,811.348.4573
422.031.647-54@done.msg.net,Maxie.Boyle@hotmail.com,610.977.5289 x8695
219.749.531-97@done.msg.net,null,1-469-783-4136 x14120
694.100.518-82@done.msg.net,null,1-445-414-1996 x999
097.815.463-02@done.msg.net,null,616-587-1729 x419
980.088.753-28@done.msg.net,null,(791) 666-1317 x1892
094.254.277-33@done.msg.net,null,410.238.6249 x069
460.970.864-97@done.msg.net,Reyes_Stoltenberg@yahoo.com,(880) 733-5513 x2352
524.829.344-20@done.msg.net,null,565-469-4873 x2970
084.522.303-30@done.msg.net,null,(200) 781-2826
266.635.013-89@done.msg.net,null,1-720-913-8240 x66985
270.721.645-65@done.msg.net,null,(506) 291-7497 x91198
155.802.824-33@done.msg.net,Jackie.Marks@gmail.com,208.596.9694 x087
686.271.078-16@done.msg.net,null,511-641-9509 x34416
313.621.030-29@done.msg.net,Deborah44@yahoo.com,(361) 899-3024 x2449
878.328.958-67@done.msg.net,Fabiola79@hotmail.com,(334) 556-9809 x37935
457.524.394-87@done.msg.net,null,(634) 674-7229 x174
906.673.694-33@done.msg.net,null,953-985-1382 x1986
594.767.884-17@done.msg.net,Ciara_Homenick34@hotmail.com,(281) 694-6418
565.723.642-72@done.msg.net,null,862.913.2913 x40806
600.872.458-27@done.msg.net,null,1-675-379-5143 x635
426.962.019-95@done.msg.net,null,719.509.3621
810.438.130-67@done.msg.net,null,733-852-2685
966.704.719-79@done.msg.net,Miguel_Conn@hotmail.com,(214) 659-5494 x623
208.752.766-03@done.msg.net,null,1-669-524-0301 x43801
904.312.102-37@done.msg.net,Orval94@hotmail.com,836.932.3809 x553
612.349.084-47@done.msg.net,null,(731) 395-9007 x3419
081.183.837-76@done.msg.net,null,1-602-933-1011 x2330
619.048.494-33@done.msg.net,Tressa.Champlin2@hotmail.com,(670) 585-4016 x787
961.741.287-72@done.msg.net,Claire76@gmail.com,733.393.3608 x7617
713.054.953-30@done.msg.net,null,734.395.4823
463.912.899-75@done.msg.net,Ruthie_Yost96@hotmail.com,407.868.1893 x9107
823.697.151-86@done.msg.net,null,930.593.3897
936.843.752-24@done.msg.net,null,(553) 693-0255 x65397
832.988.931-03@done.msg.net,null,812-253-8294 x030
856.512.031-56@done.msg.net,null,1-224-291-3398 x018
854.453.934-68@done.msg.net,null,1-830-492-3872 x694
056.693.191-80@done.msg.net,null,(714) 619-3645 x693
753.786.280-64@done.msg.net,Halle88@hotmail.com,712.506.4295 x9735
443.289.234-14@done.msg.net,null,1-443-422-0535 x890
667.155.902-24@done.msg.net,null,(842) 437-1415
574.953.250-72@done.msg.net,null,517.770.2864 x42667
166.987.615-79@done.msg.net,null,(932) 785-3524 x181
235.331.550-27@done.msg.net,null,368-864-6140 x21474
609.590.528-42@done.msg.net,null,1-205-239-7312 x2075
401.566.227-13@done.msg.net,null,341-543-2360
819.308.356-04@done.msg.net,null,278-752-8799 x8414
828.795.696-46@done.msg.net,null,795-645-6672 x06042
857.786.247-91@done.msg.net,Andreane_Kunze@yahoo.com,472-306-4860
462.600.639-98@done.msg.net,Jamaal_Cummerata69@yahoo.com,(423) 807-4274 x359
328.619.662-89@done.msg.net,null,508-716-4272 x74647
614.346.026-53@done.msg.net,null,438.472.2838
917.387.375-58@done.msg.net,null,(237) 555-9422 x8442
554.527.312-03@done.msg.net,null,(963) 490-6980 x421
558.770.380-12@done.msg.net,null,1-309-710-0658 x1523
456.074.721-17@done.msg.net,null,(544) 542-5593
458.672.206-67@done.msg.net,null,838.483.3126
119.154.363-91@done.msg.net,null,778-585-9918 x631
455.351.730-05@done.msg.net,null,317-977-5257
741.113.490-89@done.msg.net,null,1-278-425-3706 x716
871.592.208-12@done.msg.net,Karianne88@yahoo.com,647.905.0670
117.596.596-01@done.msg.net,null,1-260-976-6740 x13142
442.436.985-02@done.msg.net,null,454-950-9541 x34045
479.624.516-08@done.msg.net,Curt71@hotmail.com,287-889-0367 x598
332.474.399-76@done.msg.net,null,900.820.5013 x0643
913.652.729-63@done.msg.net,Hattie_Rowe@yahoo.com,1-620-431-2818
126.642.169-55@done.msg.net,Salvatore29@yahoo.com,233.260.8744 x13268
117.566.394-56@done.msg.net,null,(285) 870-2962 x99838
174.823.279-89@done.msg.net,null,539.258.7090 x8003
594.304.172-54@done.msg.net,null,452-698-2358
524.631.208-02@done.msg.net,null,(918) 470-7130 x2558
387.673.602-60@done.msg.net,null,415.660.9278 x61826
601.024.166-57@done.msg.net,null,(357) 702-1665 x88990
391.821.050-08@done.msg.net,null,1-692-314-1460 x15551
102.527.592-67@done.msg.net,null,365.933.7197 x70471
102.122.483-80@done.msg.net,null,781-226-2623
634.549.059-76@done.msg.net,Eloisa42@yahoo.com,382.706.5174
925.156.702-74@done.msg.net,null,(400) 774-5975 x86976
274.604.811-06@done.msg.net,null,1-259-452-7404 x196
268.193.010-85@done.msg.net,null,634.201.7651 x27946
717.523.812-09@done.msg.net,null,1-246-846-1464 x3783
252.559.893-29@done.msg.net,null,555-941-4261 x67632
579.756.340-37@done.msg.net,Easton_Olson98@hotmail.com,(231) 548-7078 x3368
906.454.020-42@done.msg.net,Giovanni_Spencer-Aufderhar84@hotmail.com,912-722-2587 x88739
907.788.525-94@done.msg.net,null,1-884-709-7549 x34292
688.016.952-55@done.msg.net,null,518.761.4560 x32932
723.259.031-44@done.msg.net,null,756-528-9619 x4453
233.682.781-65@done.msg.net,null,903-819-6568 x97913
585.990.329-67@done.msg.net,null,1-623-694-4297 x955
299.177.997-89@done.msg.net,null,1-319-430-6149
929.811.468-85@done.msg.net,null,1-563-731-1837 x7527
982.060.916-05@done.msg.net,null,863.450.7875
467.850.588-73@done.msg.net,Ellis_Morar@gmail.com,612.582.4323 x157
694.682.741-56@done.msg.net,null,1-780-461-2789
065.758.462-24@done.msg.net,Rashad32@yahoo.com,1-791-979-3641 x70932
633.909.528-88@done.msg.net,Samson_Runolfsdottir72@hotmail.com,(580) 251-7826
232.219.961-45@done.msg.net,null,234.507.3618
600.352.883-27@done.msg.net,Braeden_Carroll51@hotmail.com,810-632-6737 x719
526.907.127-21@done.msg.net,Jakayla_Bashirian17@yahoo.com,950.821.1115
397.505.397-20@done.msg.net,Madalyn.Erdman@yahoo.com,479-283-3451
806.226.168-66@done.msg.net,null,(505) 800-8563
093.657.719-62@done.msg.net,Laron65@hotmail.com,1-495-441-5291 x9830
325.969.450-45@done.msg.net,Bert_Spencer@hotmail.com,600-810-4026 x6714
651.353.366-06@done.msg.net,null,248-232-3977 x95351
506.045.649-84@done.msg.net,Chelsie42@yahoo.com,1-937-406-6141 x72818
052.605.896-96@done.msg.net,null,798.302.3585 x3699
000.395.753-87@done.msg.net,null,604-266-2493 x2984
485.206.731-37@done.msg.net,null,823-467-8570
892.762.387-68@done.msg.net,Maxwell55@hotmail.com,320-653-3014
402.284.313-30@done.msg.net,Nia.Schmitt@gmail.com,1-332-654-2994 x2829
744.329.982-93@done.msg.net,null,(553) 940-7261 x6585
956.488.374-64@done.msg.net,null,683.442.3648 x22168
536.703.200-42@done.msg.net,null,840-795-5685 x8371
256.020.480-20@done.msg.net,null,(658) 938-4331 x215
584.981.611-36@done.msg.net,null,1-698-645-1251 x036
889.736.779-49@done.msg.net,Violet.Schulist@gmail.com,882-361-0399 x87133
326.748.622-35@done.msg.net,null,1-807-602-9918 x09413
504.144.211-44@done.msg.net,null,1-261-603-0067
149.084.992-82@done.msg.net,null,708-992-4319 x08016
684.415.320-95@done.msg.net,null,453-566-2350 x604
173.761.385-83@done.msg.net,Lera_Brakus40@gmail.com,(730) 373-5483 x193
386.248.589-00@done.msg.net,null,(731) 422-0931 x6925
260.082.289-47@done.msg.net,Destiney.Rowe@hotmail.com,1-761-940-0144 x129
731.767.767-08@done.msg.net,Deven.Bergstrom@yahoo.com,1-255-914-6087 x122
173.794.548-03@done.msg.net,null,469.819.2790
342.323.971-65@done.msg.net,Marilyne_OConnell@hotmail.com,(930) 531-3153 x24888
450.710.984-61@done.msg.net,null,251-876-7244 x0568
428.550.197-88@done.msg.net,null,(357) 542-4366 x5525
640.493.772-89@done.msg.net,null,892-498-9277 x39530
558.241.671-98@done.msg.net,null,1-563-766-1894 x3752
614.864.937-51@done.msg.net,Tiffany_Will67@yahoo.com,887-610-7934
760.580.300-70@done.msg.net,null,(571) 669-2280 x756
794.684.726-32@done.msg.net,Marques49@hotmail.com,(203) 398-3703 x0300
573.814.992-46@done.msg.net,Kiera_Gleason1@gmail.com,256-710-7396
284.833.263-87@done.msg.net,null,860.647.2660 x851
236.309.620-74@done.msg.net,Peggie_Bartoletti@yahoo.com,361-775-6845 x725
847.228.914-50@done.msg.net,null,1-476-892-1833 x5973
739.661.222-87@done.msg.net,null,1-935-388-6683 x21992
962.509.011-06@done.msg.net,null,(963) 757-7994 x063
250.984.845-43@done.msg.net,null,(633) 939-8938 x419
005.489.940-72@done.msg.net,null,1-315-693-3053
527.775.141-57@done.msg.net,null,290.653.7448 x132
547.936.027-73@done.msg.net,null,1-995-351-3730 x24079
064.730.720-34@done.msg.net,Pansy6@yahoo.com,1-968-866-8522 x1798
482.099.854-98@done.msg.net,null,487-540-7179 x284
316.487.767-38@done.msg.net,null,(578) 872-8805 x897
767.295.135-91@done.msg.net,null,363.739.4219 x765
464.280.789-95@done.msg.net,null,497.441.8486 x867
558.270.453-38@done.msg.net,null,1-369-488-2433 x6624
733.817.649-31@done.msg.net,null,751-468-0154 x89992
243.806.880-40@done.msg.net,null,571-585-3849 x985
924.934.870-55@done.msg.net,Collin_Botsford@gmail.com,1-632-445-2723 x436
048.334.969-86@done.msg.net,null,565-486-2313 x30163
331.558.818-28@done.msg.net,Reymundo61@yahoo.com,901-928-7008 x4132
656.452.594-81@done.msg.net,null,1-570-409-9128 x27572
222.676.592-78@done.msg.net,null,(219) 490-4746
693.837.120-96@done.msg.net,null,519-450-5138
416.079.792-68@done.msg.net,null,1-320-462-5504 x7273
449.181.859-91@done.msg.net,Aaron81@yahoo.com,1-795-873-6604 x678
059.519.496-37@done.msg.net,Kelli66@gmail.com,1-544-768-2891 x8503
092.813.933-35@done.msg.net,Ella.Kiehn@hotmail.com,(782) 321-3293 x062
613.720.236-75@done.msg.net,null,765.467.3665 x78516
541.584.803-66@done.msg.net,Rashad93@gmail.com,569-315-0003
338.166.638-03@done.msg.net,null,1-530-899-2318 x5677
376.832.039-05@done.msg.net,null,(789) 973-3523
886.452.241-77@done.msg.net,null,(408) 288-2729 x213
728.603.263-88@done.msg.net,null,938.451.6498 x9153
033.978.336-66@done.msg.net,Kareem_Herman@hotmail.com,892-440-0182 x6024
130.688.862-32@done.msg.net,Antone.Turcotte26@yahoo.com,(415) 434-4772 x903
515.851.145-80@done.msg.net,null,1-708-557-7855 x600
680.300.547-32@done.msg.net,null,1-814-285-8245
568.970.246-51@done.msg.net,null,1-840-454-0959 x0724
867.856.370-60@done.msg.net,null,null
036.085.527-33@done.msg.net,null,null
654.438.754-21@done.msg.net,Merle_Kutch@yahoo.com,421-311-0428
538.180.468-43@done.msg.net,null,528.530.5601 x07219
081.480.972-43@done.msg.net,null,null
068.299.913-31@done.msg.net,null,(283) 237-0332 x0227
790.745.734-53@done.msg.net,Donald21@yahoo.com,522-366-4805 x7201
875.779.762-86@done.msg.net,null,571.809.2448 x40688
249.953.112-51@done.msg.net,null,(808) 331-8469 x0178
772.795.964-23@done.msg.net,Jacynthe.Jones75@gmail.com,732-896-6368 x15551
610.234.892-08@done.msg.net,null,638-741-4020 x7341
148.598.114-95@done.msg.net,null,1-385-821-0845
338.812.671-85@done.msg.net,null,555.501.7921 x36730
154.438.658-27@done.msg.net,null,606.947.9969 x19509
589.039.769-05@done.msg.net,Lexus_Glover92@yahoo.com,1-956-942-8388 x484
091.434.883-09@done.msg.net,Stephen58@gmail.com,1-771-304-6051 x0454
401.162.428-71@done.msg.net,null,(591) 913-5297 x8906
159.789.716-07@done.msg.net,null,654-508-2823 x71002
647.387.385-39@done.msg.net,null,954.892.1191
233.650.931-15@done.msg.net,null,1-530-412-0015 x05207
401.962.407-08@done.msg.net,null,465-573-3610 x8767
989.084.425-39@done.msg.net,Anna_Dickinson@gmail.com,791-213-2914 x2999
795.632.367-26@done.msg.net,null,(503) 344-7430 x329
806.589.795-43@done.msg.net,null,681-795-1360 x766
041.799.067-07@done.msg.net,null,411.802.0405 x572
021.493.317-51@done.msg.net,null,922-919-0909 x63276
392.195.512-19@done.msg.net,Dora23@hotmail.com,(461) 279-6245 x8146
024.585.130-51@done.msg.net,null,433.667.7922 x4193
872.942.826-74@done.msg.net,Brianne68@hotmail.com,(881) 225-1296
357.623.645-35@done.msg.net,null,1-447-740-8675
641.549.050-34@done.msg.net,null,496-354-8894
387.979.443-73@done.msg.net,null,(643) 485-1508 x52731
203.693.759-98@done.msg.net,null,900-383-0868 x7450
802.657.619-26@done.msg.net,null,659-302-2363 x1805
015.177.729-88@done.msg.net,Onie.Gusikowski20@gmail.com,491-789-6428 x9372
721.016.921-43@done.msg.net,null,282.582.6456 x340
633.642.069-26@done.msg.net,null,362.542.3288 x50397
716.370.332-90@done.msg.net,null,763-415-4718
608.192.651-52@done.msg.net,null,(724) 427-7956
937.693.863-92@done.msg.net,Hardy27@gmail.com,1-272-501-6628
770.582.024-12@done.msg.net,null,1-322-642-7930
769.664.453-45@done.msg.net,Jess.Heathcote@hotmail.com,1-546-983-8109 x6261
243.871.196-54@done.msg.net,Bruce26@gmail.com,732.873.9414
625.255.096-79@done.msg.net,null,672-333-6089 x695
077.452.346-65@done.msg.net,null,1-823-820-3595 x52631
001.550.104-82@done.msg.net,Lysanne.Wilderman37@yahoo.com,247-897-8818 x1434
748.296.282-14@done.msg.net,null,246-256-7863
143.710.373-22@done.msg.net,Ferne66@gmail.com,524-421-3442 x056
120.663.553-31@done.msg.net,null,1-445-771-9868 x275
263.325.148-19@done.msg.net,null,1-414-298-2115
638.423.627-50@done.msg.net,Loma49@gmail.com,492-723-5949
407.986.534-12@done.msg.net,Daija_Greenfelder@hotmail.com,275-321-6196 x6550
614.214.918-93@done.msg.net,null,375.593.8925
905.914.985-20@done.msg.net,null,941.756.9018 x39449
852.511.838-32@done.msg.net,null,1-599-810-1482 x188
456.726.436-90@done.msg.net,null,650-898-2255 x72941
849.186.629-72@done.msg.net,null,983-489-8120
432.241.012-69@done.msg.net,null,1-483-316-4655 x67970
358.378.415-59@done.msg.net,null,1-570-335-5345 x1655
068.916.084-40@done.msg.net,null,(319) 498-4339 x3732
565.494.987-36@done.msg.net,Cecilia35@yahoo.com,(686) 594-5855
160.111.119-46@done.msg.net,null,1-972-440-7937 x17906
240.960.475-82@done.msg.net,null,595.457.0488 x7580
155.287.295-04@done.msg.net,null,748-432-8086
035.475.929-01@done.msg.net,null,620.797.9064 x30103
486.257.059-21@done.msg.net,Salma_Senger76@yahoo.com,772-432-1123 x691
034.873.766-19@done.msg.net,null,374-929-6212 x6396
089.428.454-26@done.msg.net,null,(668) 213-1769 x972
846.172.528-57@done.msg.net,Jon29@gmail.com,617-514-7966 x5887
042.493.827-94@done.msg.net,Wilfrid.Schinner@hotmail.com,990.322.6122 x64395
857.376.008-91@done.msg.net,null,950-817-3145
015.465.488-95@done.msg.net,null,1-581-811-8520 x0254
103.499.883-67@done.msg.net,null,(485) 843-7134 x61062
588.684.418-55@done.msg.net,Elizabeth.Yundt94@gmail.com,371.921.8976 x67640
231.669.135-87@done.msg.net,null,732-628-6702 x194
879.526.400-05@done.msg.net,null,940.505.0060 x983
138.244.369-66@done.msg.net,null,747-525-9937 x581
119.157.506-16@done.msg.net,Dulce_Auer17@gmail.com,(960) 360-8105 x15773
174.748.075-27@done.msg.net,null,615-657-6937 x11764
327.301.427-10@done.msg.net,null,(419) 361-5380 x487
653.496.076-73@done.msg.net,null,788.629.9803 x2725
426.278.443-13@done.msg.net,Okey_Cartwright@gmail.com,(414) 973-0583 x34357
919.787.055-20@done.msg.net,Hailey88@yahoo.com,1-898-272-7997
982.652.608-04@done.msg.net,null,(379) 628-3809 x6353
850.092.615-24@done.msg.net,Florida.Heidenreich@gmail.com,413.841.1684 x660
558.489.400-51@done.msg.net,Jenifer39@gmail.com,1-276-217-6001
183.327.010-06@done.msg.net,null,903.263.9439 x152
710.206.940-46@done.msg.net,null,(207) 683-4582 x53349
241.972.044-61@done.msg.net,null,1-913-713-5730 x664
705.639.723-86@done.msg.net,null,1-712-976-7852 x6936
528.625.806-76@done.msg.net,null,912.209.5908 x26387
403.125.690-41@done.msg.net,null,1-361-372-2927 x0727
814.900.989-58@done.msg.net,null,1-859-869-1310
987.073.094-00@done.msg.net,null,248-455-5344
634.247.709-51@done.msg.net,null,500.363.0058 x505
830.399.115-52@done.msg.net,null,362-813-0146 x33649
253.756.333-05@done.msg.net,null,1-232-394-5750 x089
765.596.564-45@done.msg.net,Kaitlin54@gmail.com,428-670-3594
007.660.498-17@done.msg.net,null,459-778-0840 x452
255.479.112-11@done.msg.net,null,510.889.6912 x5472
489.499.760-87@done.msg.net,null,218-720-5797 x59177
860.512.544-81@done.msg.net,null,587-878-3151 x68690
732.979.966-14@done.msg.net,null,757.290.3892 x69772
193.097.885-53@done.msg.net,null,566.347.2767 x06821
660.922.860-14@done.msg.net,null,769-211-0682
280.670.222-27@done.msg.net,Cassidy90@gmail.com,1-571-666-6955 x6244
393.136.014-89@done.msg.net,Alberta87@hotmail.com,572.886.7998
554.118.684-58@done.msg.net,null,917.210.4803 x93685
276.618.557-50@done.msg.net,Maiya.Morissette@hotmail.com,(967) 711-4941 x79276
786.621.834-26@done.msg.net,null,673-890-2934 x41947
385.230.069-99@done.msg.net,Raquel.Greenholt70@hotmail.com,(362) 643-7730 x896
677.493.100-49@done.msg.net,Vita3@gmail.com,231.897.5343 x5290
433.819.036-23@done.msg.net,null,(629) 695-6865 x86276
158.892.752-65@done.msg.net,null,1-807-432-7432
671.129.964-12@done.msg.net,Emiliano.Jones@yahoo.com,739.704.0123
411.249.414-44@done.msg.net,null,372.202.9360 x168
157.836.927-57@done.msg.net,null,806-977-1384 x1853
796.604.140-97@done.msg.net,null,627-643-0484 x08563
827.565.080-92@done.msg.net,null,1-962-792-8394
690.878.912-90@done.msg.net,null,(978) 483-7912 x22459
931.344.941-14@done.msg.net,null,948.366.7659 x87163
095.668.321-99@done.msg.net,null,1-943-925-7015 x00579
519.009.071-02@done.msg.net,null,630-726-5012 x09625
202.962.207-93@done.msg.net,null,530.418.4833 x075
916.708.956-62@done.msg.net,null,1-392-370-6853 x934
314.768.763-89@done.msg.net,null,965-894-7723 x601
299.537.001-16@done.msg.net,null,778-377-3210 x36604
403.288.965-91@done.msg.net,null,246-390-4567 x244
061.592.930-36@done.msg.net,Claudine_VonRueden51@hotmail.com,(643) 756-5092
916.172.062-32@done.msg.net,null,312-679-3373 x0211
921.316.509-20@done.msg.net,Waldo.Rodriguez@yahoo.com,(712) 462-6909 x2894
508.391.947-19@done.msg.net,null,1-569-290-7954
356.677.826-06@done.msg.net,null,1-726-429-9364 x475
447.318.135-06@done.msg.net,null,765.902.9168 x8908
958.535.671-32@done.msg.net,null,663.247.9913
064.393.345-79@done.msg.net,Lorenza94@yahoo.com,221-367-1844 x6409
111.504.373-05@done.msg.net,null,1-746-202-3287 x135
377.842.673-59@done.msg.net,Johnson_Schuster12@gmail.com,257.796.5566 x2475
946.469.243-68@done.msg.net,Nasir_Schmitt@hotmail.com,569-337-5753 x7828
720.472.497-56@done.msg.net,Russel96@yahoo.com,1-375-995-8246 x45387
800.682.469-29@done.msg.net,null,(733) 293-8732 x2688
394.907.823-09@done.msg.net,null,201.907.9630 x651
063.788.194-13@done.msg.net,null,720-913-3180 x685
532.426.833-75@done.msg.net,null,(860) 501-1553 x53398
670.095.571-17@done.msg.net,null,(302) 236-8286 x916
989.189.406-22@done.msg.net,null,289.385.6041
464.559.771-37@done.msg.net,null,1-692-696-7483 x775
121.560.094-54@done.msg.net,Meaghan1@gmail.com,(324) 962-1540 x600
803.577.580-10@done.msg.net,null,598.996.7306 x16687
948.252.738-73@done.msg.net,null,1-211-526-8731 x6591
858.919.127-84@done.msg.net,null,285.695.9381 x686
141.736.966-47@done.msg.net,null,893-368-7883
489.623.330-36@done.msg.net,null,(907) 537-5915
772.684.479-75@done.msg.net,null,849.679.6220 x05483
387.205.075-51@done.msg.net,null,761.980.7769 x074
174.123.696-00@done.msg.net,null,1-593-428-7278
657.672.961-41@done.msg.net,null,1-817-301-3535
403.864.838-01@done.msg.net,null,1-933-517-4143 x03711
160.649.129-46@done.msg.net,Joel.Labadie94@hotmail.com,(485) 881-6572
252.541.542-44@done.msg.net,Taylor72@yahoo.com,1-279-679-1755 x655
459.808.319-96@done.msg.net,Stanton_Prohaska@hotmail.com,610.753.5344 x71630
658.224.380-07@done.msg.net,null,691.991.3263 x558
728.567.126-88@done.msg.net,null,289.795.9313 x8717
318.124.534-04@done.msg.net,null,1-658-997-1023 x4320
469.905.255-56@done.msg.net,null,(762) 793-9305 x712
372.292.008-32@done.msg.net,Lila96@gmail.com,655.371.9124
609.482.991-54@done.msg.net,null,270-953-8145
368.471.693-57@done.msg.net,Randal_Metz@gmail.com,1-606-271-7467 x67906
498.139.734-85@done.msg.net,null,1-722-899-2337 x8152
239.096.796-60@done.msg.net,null,(729) 925-6596 x42754
172.638.287-76@done.msg.net,Tamia_Rutherford23@gmail.com,(375) 341-9122 x890
727.480.032-46@done.msg.net,null,693.261.0863 x656
444.676.768-63@done.msg.net,Cindy_Krajcik@hotmail.com,551.943.2151 x3700
487.921.632-02@done.msg.net,null,1-979-757-0049 x6868
338.222.422-88@done.msg.net,Era73@hotmail.com,1-765-277-9109 x33539
883.583.283-63@done.msg.net,null,(455) 835-0689 x188
886.830.230-99@done.msg.net,Tania48@hotmail.com,493-811-4524 x776
551.671.034-82@done.msg.net,null,1-634-542-9463 x154
960.211.128-29@done.msg.net,null,(639) 416-4211 x70041
138.407.914-50@done.msg.net,null,631.522.8843 x44701
471.489.981-46@done.msg.net,null,558-507-5043
523.738.238-22@done.msg.net,null,1-874-583-4732 x97696
277.920.743-25@done.msg.net,null,656.331.2678 x8315
045.677.387-76@done.msg.net,null,(331) 841-9580 x9644
485.273.373-15@done.msg.net,null,1-979-799-4650
289.651.875-00@done.msg.net,null,(937) 791-7406 x98091
693.228.952-77@done.msg.net,Wilhelm.Mitchell@hotmail.com,(317) 741-8620 x1632
070.246.311-29@done.msg.net,null,1-868-399-4807 x75459
117.681.952-79@done.msg.net,Conner30@hotmail.com,237.543.7996
059.026.915-45@done.msg.net,null,1-839-991-5791 x87641
691.917.829-03@done.msg.net,Felix15@yahoo.com,1-837-305-9144 x153
852.808.860-77@done.msg.net,null,277-317-6544 x23683
102.843.924-58@done.msg.net,null,1-430-884-2452 x9115
751.391.286-31@done.msg.net,Kane_Berge@yahoo.com,633-382-8979 x460
532.189.749-52@done.msg.net,null,1-767-875-0957 x261
678.614.652-64@done.msg.net,null,605.940.8139
771.280.321-41@done.msg.net,null,727.800.6500
200.736.727-55@done.msg.net,Ethelyn76@hotmail.com,1-895-239-1322
424.287.035-01@done.msg.net,null,(338) 491-1857 x999
286.382.356-24@done.msg.net,Osbaldo20@gmail.com,702.863.8736 x639
193.030.930-74@done.msg.net,Roosevelt99@yahoo.com,1-805-932-5319 x904
843.739.502-69@done.msg.net,null,959-741-8512
611.943.398-06@done.msg.net,null,929.492.1995
415.115.568-44@done.msg.net,null,358.599.6668
786.858.353-15@done.msg.net,null,408-322-2121 x62730
739.228.959-18@done.msg.net,null,930-707-1070 x553
504.724.640-41@done.msg.net,null,(940) 400-6431 x38750
685.850.958-81@done.msg.net,null,1-717-789-5872 x7870
214.951.812-58@done.msg.net,Arlie.Turcotte@yahoo.com,(696) 954-3744 x4249
258.942.154-31@done.msg.net,Adelia61@yahoo.com,1-344-276-8947 x068
623.604.597-91@done.msg.net,Magdalena.Luettgen@hotmail.com,376-387-7986
801.466.447-10@done.msg.net,null,(451) 216-5522 x0889
288.337.364-60@done.msg.net,null,716-599-6734 x2088
210.998.132-54@done.msg.net,null,(773) 297-9912 x959
958.277.195-60@done.msg.net,Hanna30@hotmail.com,1-458-403-6804
126.323.432-50@done.msg.net,null,1-805-751-1743
001.115.263-21@done.msg.net,Miles.Gusikowski56@yahoo.com,767-953-3730 x5127
739.884.149-84@done.msg.net,Lawson.Wyman@gmail.com,(962) 503-3452 x0070
518.845.174-67@done.msg.net,null,284.575.0792 x38771
416.969.811-38@done.msg.net,null,(938) 584-8977 x174
901.505.980-63@done.msg.net,Marcia90@gmail.com,(961) 815-0802 x841
273.203.308-81@done.msg.net,null,1-725-221-1946 x301
785.485.956-84@done.msg.net,null,508-263-4850 x3041
230.779.322-10@done.msg.net,null,1-894-275-3761 x1309
820.910.713-19@done.msg.net,null,208.331.0466 x90231
443.467.193-17@done.msg.net,null,847.265.0352
195.501.738-93@done.msg.net,null,1-984-650-7465 x722
880.224.841-40@done.msg.net,null,843-654-3465 x9610
532.558.749-89@done.msg.net,null,434-524-2864 x27200
084.082.729-70@done.msg.net,Jamie62@gmail.com,(356) 476-2052 x8538
952.679.964-27@done.msg.net,null,1-326-761-9404
884.388.092-78@done.msg.net,null,982-884-7063 x9696
043.025.261-89@done.msg.net,null,(482) 344-0114
335.172.267-74@done.msg.net,null,(342) 448-3545 x93929
691.345.273-03@done.msg.net,null,(792) 779-6117 x0717
526.375.520-52@done.msg.net,Elvis.Von53@yahoo.com,444-780-5727
170.791.032-16@done.msg.net,null,(617) 657-5233 x8976
946.982.901-11@done.msg.net,null,(980) 532-1446 x783
625.088.453-81@done.msg.net,null,(209) 953-1626
022.041.658-85@done.msg.net,null,(603) 236-0682
707.343.440-76@done.msg.net,null,346-330-7621 x4955
761.046.451-62@done.msg.net,null,379-897-6210 x539
828.155.981-79@done.msg.net,null,1-547-829-5505 x42709
455.640.354-32@done.msg.net,null,664-323-3010 x277
027.028.842-87@done.msg.net,null,1-713-764-9778 x1265
386.845.000-15@done.msg.net,null,318-447-1384 x282
025.213.624-26@done.msg.net,null,430.241.2443 x956
444.329.229-12@done.msg.net,Annetta_Bogan18@hotmail.com,(306) 208-8118 x13795
767.047.954-59@done.msg.net,Dudley_Orn73@yahoo.com,(952) 536-4532 x925
621.484.761-43@done.msg.net,null,(455) 804-6695 x93734
693.592.280-28@done.msg.net,Federico2@yahoo.com,1-839-462-8440
093.049.557-51@done.msg.net,null,1-320-341-9558 x812
680.011.478-03@done.msg.net,null,933-883-3514 x1019
024.530.680-25@done.msg.net,null,(947) 275-7296 x411
603.716.420-69@done.msg.net,null,1-774-606-4106 x718
940.828.678-04@done.msg.net,null,260-916-8013
233.689.240-39@done.msg.net,null,(489) 955-4121 x5833
512.378.131-27@done.msg.net,Allan_Kemmer64@hotmail.com,(362) 291-1741 x622
260.947.178-28@done.msg.net,null,(810) 805-8088 x765
885.915.923-98@done.msg.net,null,1-989-524-3116 x724
209.914.711-82@done.msg.net,null,953.994.3197 x494
592.201.687-44@done.msg.net,null,791-703-3346 x5620
065.360.123-16@done.msg.net,Natasha.Lakin94@hotmail.com,518.899.4775 x38192
770.389.437-51@done.msg.net,River.Wolf79@gmail.com,260-901-2441 x8333
757.188.700-01@done.msg.net,null,1-725-730-9250 x15571
757.140.896-77@done.msg.net,null,1-315-454-1334 x79438
972.387.806-24@done.msg.net,null,1-990-973-1697 x56229
033.043.580-61@done.msg.net,null,376.560.5783 x0122
350.753.611-62@done.msg.net,null,(495) 285-8521 x409
016.607.892-21@done.msg.net,null,575.398.2407
818.933.094-16@done.msg.net,null,(250) 474-5615
457.517.063-90@done.msg.net,null,475.851.8160 x80928
038.679.443-01@done.msg.net,Arlo_Bernier@gmail.com,886.502.6068 x618
656.363.970-49@done.msg.net,null,738-313-2668
086.881.932-02@done.msg.net,null,1-581-760-4817
745.180.317-61@done.msg.net,Landen_Kautzer@gmail.com,1-624-574-9732 x237
271.289.505-64@done.msg.net,null,(632) 761-0837 x852
100.415.463-39@done.msg.net,Aubrey_Kuhlman22@yahoo.com,358-915-6274 x468
474.260.654-86@done.msg.net,Geovanni21@hotmail.com,1-666-602-7693 x2527
931.381.108-63@done.msg.net,null,1-504-808-9119
919.882.039-99@done.msg.net,null,(620) 770-4036 x754
916.717.828-01@done.msg.net,null,(486) 316-0728 x294
322.974.960-22@done.msg.net,null,407.650.0568 x3520
361.621.666-46@done.msg.net,Tito.Dicki82@gmail.com,574.329.5396 x24144
880.114.967-23@done.msg.net,null,(703) 603-4145 x5323
763.208.835-84@done.msg.net,null,1-999-247-6263 x2924
851.202.953-31@done.msg.net,null,287-222-5361
422.247.541-40@done.msg.net,null,(949) 385-4669 x67127
683.178.613-47@done.msg.net,null,1-562-661-3367 x50721
943.274.506-70@done.msg.net,Mariela27@yahoo.com,564-796-1429 x0604
692.426.814-55@done.msg.net,null,475-389-3072
783.105.121-35@done.msg.net,null,710.722.8528 x025
061.208.746-10@done.msg.net,null,593.659.8627
210.606.085-64@done.msg.net,null,(709) 252-7606 x3797
960.191.555-74@done.msg.net,null,752.630.1310 x44405
848.786.019-50@done.msg.net,null,1-674-622-5227 x01203
737.198.726-28@done.msg.net,null,510.611.0512 x37234
947.461.461-75@done.msg.net,Norbert20@yahoo.com,1-939-882-4639 x1758
659.144.869-02@done.msg.net,Assunta_Lang2@gmail.com,707.251.4520 x62211
476.397.925-92@done.msg.net,null,344.994.4448 x08417
418.813.297-85@done.msg.net,null,836.975.0294 x924
150.721.675-57@done.msg.net,null,436.722.7205
744.836.274-01@done.msg.net,Camilla_Doyle@yahoo.com,1-691-678-7349 x591
798.123.668-97@done.msg.net,null,1-786-336-2944 x058
163.794.814-49@done.msg.net,null,947.983.5851 x268
791.180.999-04@done.msg.net,null,759-597-8687 x939
584.458.192-08@done.msg.net,null,895.974.0547 x879
712.190.977-36@done.msg.net,Myrtie_Tillman91@gmail.com,955-502-8221 x79018
569.033.500-53@done.msg.net,null,1-424-806-2910 x024
903.322.089-67@done.msg.net,null,928.688.6632 x9272
719.800.058-65@done.msg.net,null,1-655-335-0040 x596
734.648.429-04@done.msg.net,null,1-330-774-9002
083.608.054-87@done.msg.net,null,(532) 262-5676 x86942
099.370.085-05@done.msg.net,Wyman.Kshlerin@yahoo.com,882.466.4426 x42424
267.726.513-23@done.msg.net,John58@hotmail.com,1-823-547-4051 x0532
693.280.108-11@done.msg.net,null,971.459.8640 x533
708.018.485-15@done.msg.net,Alyson38@yahoo.com,(540) 958-1326 x1555
651.038.842-69@done.msg.net,null,445-525-4246 x08776
366.885.638-45@done.msg.net,null,(402) 738-1251 x5610
927.507.591-51@done.msg.net,null,1-412-702-9809 x6962
834.808.245-09@done.msg.net,null,(747) 868-5126 x0438
606.031.050-62@done.msg.net,null,1-275-845-5168 x77762
189.955.642-08@done.msg.net,Verla_Friesen@yahoo.com,895.756.6955 x8036
025.604.358-83@done.msg.net,Enid_Borer@hotmail.com,825.953.2675 x54162
612.714.581-45@done.msg.net,null,(811) 310-3662 x216
532.540.602-26@done.msg.net,null,(809) 617-4669 x55637
673.312.127-84@done.msg.net,Nadia.Conroy32@hotmail.com,798.682.7943 x83500
949.936.329-97@done.msg.net,Amie45@yahoo.com,848-254-1339 x7722
006.979.758-00@done.msg.net,null,(667) 257-7035
913.820.614-03@done.msg.net,null,986-756-0096 x4105
218.213.643-24@done.msg.net,null,461-825-4875 x06269
438.786.249-35@done.msg.net,null,(707) 741-4811
780.258.118-06@done.msg.net,null,473-430-9570 x49789
920.106.623-22@done.msg.net,null,(783) 545-1961 x338
198.049.999-77@done.msg.net,Kelsi_Lowe@gmail.com,653-712-8648 x994
247.482.173-60@done.msg.net,null,1-358-248-6119
774.642.183-13@done.msg.net,null,1-846-455-0913 x25653
418.192.982-38@done.msg.net,Jazmyne_Walker@gmail.com,(854) 427-3201 x9933
698.518.054-53@done.msg.net,Mara.Howe46@hotmail.com,820-835-7363 x661
746.206.562-35@done.msg.net,null,(947) 221-7092 x277
325.334.050-04@done.msg.net,null,641-202-2182 x73423
667.352.178-80@done.msg.net,null,1-666-866-4931 x53022
270.249.506-06@done.msg.net,Hank.Volkman68@gmail.com,(302) 337-0703
969.757.418-88@done.msg.net,null,477.672.3090 x999
663.972.446-82@done.msg.net,Norbert_Sporer71@hotmail.com,1-651-837-5695 x893
660.875.783-76@done.msg.net,null,(770) 531-0699
158.311.540-42@done.msg.net,null,(366) 667-6479 x4196
573.089.350-33@done.msg.net,null,(746) 848-3411 x0800
491.516.438-51@done.msg.net,null,1-217-806-0764
309.474.062-82@done.msg.net,null,477.877.4867 x79650
138.217.624-61@done.msg.net,null,(223) 803-3832 x0162
709.855.085-00@done.msg.net,null,553.213.5714 x37284
535.975.714-06@done.msg.net,null,375-510-1975 x54600
252.297.556-95@done.msg.net,null,1-253-507-3714 x01493
607.779.132-85@done.msg.net,null,1-621-617-5788 x9537
490.071.724-37@done.msg.net,null,(876) 821-2922 x5178
744.263.819-58@done.msg.net,null,452.588.4381 x959
589.432.410-37@done.msg.net,Cielo_Christiansen36@gmail.com,960.883.8297 x608
309.367.909-49@done.msg.net,null,610-424-8779
812.480.538-38@done.msg.net,Brendan81@gmail.com,943-971-9779 x1358
813.568.456-04@done.msg.net,null,418-716-4757 x00719
130.430.185-79@done.msg.net,null,1-880-589-6419 x749
585.294.659-74@done.msg.net,Milo.Kris48@gmail.com,(441) 227-9810
838.241.736-65@done.msg.net,null,1-814-265-9156 x086
185.431.146-43@done.msg.net,null,(995) 476-0313 x68025
853.416.236-84@done.msg.net,null,725.518.6966 x39841
541.382.302-18@done.msg.net,null,438.611.2214
135.835.311-68@done.msg.net,null,1-468-286-3616
405.686.301-15@done.msg.net,Burnice13@yahoo.com,(202) 217-5081
512.220.052-76@done.msg.net,Cierra98@hotmail.com,(860) 600-1334 x6485
978.186.712-06@done.msg.net,null,(504) 462-0726 x290
582.913.843-19@done.msg.net,Briana_Hammes47@gmail.com,1-742-318-3686
405.753.166-64@done.msg.net,null,(728) 454-9673 x74898
943.157.302-06@done.msg.net,null,546-391-1695 x834
526.853.163-25@done.msg.net,null,(824) 727-2577 x9002
357.130.009-38@done.msg.net,null,1-887-370-6049 x7125
523.671.680-37@done.msg.net,null,1-357-450-2227 x9733
519.248.741-52@done.msg.net,null,821-209-2902 x02738
321.878.104-31@done.msg.net,null,465-676-9492
638.444.607-81@done.msg.net,null,511-607-8867 x92058
700.161.485-49@done.msg.net,Dario_Hane25@gmail.com,1-946-649-7006 x014
926.858.547-48@done.msg.net,Pattie.Waelchi@gmail.com,(722) 823-2462 x7602
808.070.945-28@done.msg.net,null,(814) 407-3183 x629
533.373.949-63@done.msg.net,null,616.336.2451 x6398
437.337.798-55@done.msg.net,Dalton98@yahoo.com,1-731-258-2302
440.106.293-43@done.msg.net,null,(546) 405-9103 x67663
363.864.607-62@done.msg.net,Josh89@yahoo.com,(535) 550-5371 x627
335.619.030-17@done.msg.net,null,803.433.0106
344.267.837-21@done.msg.net,null,(208) 476-4296 x0956
680.038.995-32@done.msg.net,null,489-968-2226 x5028
845.518.452-39@done.msg.net,Chelsey.Maggio4@gmail.com,862-332-4103 x846
235.071.030-64@done.msg.net,null,394-431-8235 x253
323.339.741-07@done.msg.net,null,953-279-3165 x502
666.382.223-44@done.msg.net,null,1-910-671-6732 x884
265.819.947-96@done.msg.net,Jamel_Torp@yahoo.com,(357) 995-3993 x16821
639.744.831-63@done.msg.net,Johnathon.Bechtelar@hotmail.com,1-311-474-5143 x59034
312.776.892-71@done.msg.net,null,756.450.2287 x22661
854.384.472-97@done.msg.net,null,767-516-1392
655.113.031-47@done.msg.net,Alayna_Schultz-Blanda@hotmail.com,300.274.2472 x05500
371.189.806-03@done.msg.net,null,1-988-302-0351 x11214
662.710.346-89@done.msg.net,null,532.678.9408 x66573
196.098.418-32@done.msg.net,null,(526) 417-7803 x73550
135.143.337-51@done.msg.net,Tyshawn63@hotmail.com,1-321-519-3169 x284
740.914.428-75@done.msg.net,null,264.409.8577 x852
715.168.381-77@done.msg.net,null,458.871.5561 x9569
122.046.202-19@done.msg.net,null,981.613.5576 x73384
218.404.559-79@done.msg.net,null,(660) 955-5733 x063
755.341.110-36@done.msg.net,null,977.584.1723 x8691
770.166.073-46@done.msg.net,null,1-327-561-7430 x585
869.848.427-71@done.msg.net,Kip.Bosco83@yahoo.com,888-683-7016 x7038
114.427.899-80@done.msg.net,null,1-690-226-7697 x883
554.834.444-14@done.msg.net,null,(649) 267-6998 x1322
374.713.825-05@done.msg.net,null,288.647.3002 x8777
711.493.579-50@done.msg.net,null,425-425-0524 x166
215.204.883-35@done.msg.net,null,(588) 583-2398 x300
557.905.608-13@done.msg.net,null,1-388-621-6738
127.111.649-07@done.msg.net,Morgan.Heidenreich@hotmail.com,793.452.9661 x098
657.371.805-12@done.msg.net,null,(842) 280-7390
756.696.148-15@done.msg.net,null,939.730.5673 x643
759.291.504-38@done.msg.net,null,674-935-2060 x602
787.194.373-65@done.msg.net,null,995-220-7611
215.614.152-16@done.msg.net,Lila30@hotmail.com,282-366-3402
889.240.734-12@done.msg.net,null,(355) 308-6442 x22953
138.080.279-13@done.msg.net,Joyce.Cronin83@yahoo.com,921-769-7475
294.606.260-65@done.msg.net,null,(759) 415-6047 x7851
595.903.014-17@done.msg.net,null,723-597-6579
485.519.096-32@done.msg.net,Lindsay.Simonis@hotmail.com,200-954-6515
414.493.145-60@done.msg.net,Neoma.Tillman@gmail.com,(701) 667-0012 x1264
433.992.806-67@done.msg.net,null,(777) 261-7398 x937
624.732.844-11@done.msg.net,Florian62@gmail.com,(583) 891-3583 x977
363.303.104-27@done.msg.net,null,1-399-426-6042
504.443.594-17@done.msg.net,null,(936) 904-4423 x88158
195.956.379-95@done.msg.net,null,526-931-7195 x130
021.071.222-90@done.msg.net,Lempi_Parisian95@hotmail.com,482-417-9881 x9686
647.379.000-41@done.msg.net,Hailey.Farrell74@gmail.com,493.528.8501 x33265
286.611.431-86@done.msg.net,null,(713) 560-8811
619.107.929-10@done.msg.net,Marielle_Casper6@hotmail.com,(280) 339-1105 x830
396.383.051-82@done.msg.net,null,(498) 489-5510 x1281
595.869.699-13@done.msg.net,null,(655) 441-7466 x8155
115.600.107-96@done.msg.net,null,374-398-3915 x936
956.949.730-45@done.msg.net,Annamae_Hickle@yahoo.com,1-821-319-7200 x689
019.891.783-76@done.msg.net,Cole_Littel31@hotmail.com,1-291-593-1704 x54075
056.926.980-67@done.msg.net,Verna.Reichert@hotmail.com,395.500.7497 x11535
626.229.595-91@done.msg.net,Easter83@gmail.com,801.963.1526
647.044.475-75@done.msg.net,null,1-389-332-5778 x394
420.600.529-26@done.msg.net,null,1-932-929-2887 x050
937.710.392-88@done.msg.net,null,819-828-7747
481.052.560-92@done.msg.net,null,830-836-1949
153.439.103-30@done.msg.net,null,555-256-0557 x37386
667.686.648-39@done.msg.net,null,375-719-2258 x48976
539.148.511-89@done.msg.net,Marina.Hirthe@gmail.com,1-455-624-4007 x64387
091.672.770-83@done.msg.net,Judge_Jerde@gmail.com,(796) 766-2276
375.598.798-46@done.msg.net,Charity77@hotmail.com,1-388-243-1550 x910
440.885.746-90@done.msg.net,null,827-263-1146 x0494
138.732.579-15@done.msg.net,null,1-444-481-1865 x58649
518.693.105-11@done.msg.net,null,698-365-9728 x06309
798.681.371-44@done.msg.net,null,409-769-8471 x5918
127.711.710-97@done.msg.net,null,1-652-429-2343 x605
820.182.053-34@done.msg.net,null,482.392.9881 x5349
596.187.761-97@done.msg.net,null,503.647.1865 x27472
692.230.405-80@done.msg.net,null,(669) 275-5157
234.439.860-00@done.msg.net,German.Carter@hotmail.com,(482) 522-5894 x93456
414.491.332-33@done.msg.net,null,1-747-769-0713 x9998
704.425.625-89@done.msg.net,null,(863) 763-0529
670.758.188-70@done.msg.net,null,478.423.3866 x15517
697.331.699-21@done.msg.net,Ima.Bode@hotmail.com,1-672-897-2191 x19447
833.331.801-40@done.msg.net,null,(517) 244-7170 x68254
417.599.645-21@done.msg.net,null,588.266.9758 x90925
401.044.815-01@done.msg.net,null,1-256-607-1045 x2932
766.722.466-71@done.msg.net,null,439-230-7217 x534
180.086.468-64@done.msg.net,Van22@hotmail.com,1-623-468-7617 x1717
199.710.583-49@done.msg.net,Janice.Bode@yahoo.com,(621) 669-2232 x26837
604.518.493-69@done.msg.net,null,589.306.8045 x065
131.928.950-54@done.msg.net,null,861-410-8255 x968
455.069.768-98@done.msg.net,Lisette.Konopelski64@hotmail.com,1-400-600-2906 x16904
503.025.148-51@done.msg.net,Shanelle26@hotmail.com,501.536.2286 x305
883.192.672-61@done.msg.net,null,593.610.6036 x60210
500.497.780-95@done.msg.net,null,(797) 224-7635 x38426
137.019.801-67@done.msg.net,null,625-406-4357 x5669
088.848.847-04@done.msg.net,null,1-861-631-8909 x0741
036.795.567-39@done.msg.net,null,1-355-579-6203 x68687
455.426.641-30@done.msg.net,null,1-335-578-9620 x40104
206.619.158-06@done.msg.net,null,677-362-5756 x1891
014.881.278-13@done.msg.net,null,(455) 938-9910 x4981
583.234.118-26@done.msg.net,null,1-589-800-1520
480.863.639-87@done.msg.net,null,557.997.1396 x81963
158.294.117-37@done.msg.net,Johnson76@hotmail.com,947-223-8396 x91014
243.690.034-86@done.msg.net,null,746.606.5417 x0568
907.669.157-92@done.msg.net,Myrtis.Quitzon79@hotmail.com,406-247-9582
410.699.286-84@done.msg.net,null,653-219-3877 x50032
336.144.250-48@done.msg.net,null,(553) 679-2821
150.888.923-64@done.msg.net,Destiny86@gmail.com,(497) 629-5389 x71628
013.947.808-07@done.msg.net,null,955.306.1014 x650
225.204.447-65@done.msg.net,null,588-818-9441 x0669
849.114.453-31@done.msg.net,null,(441) 766-0008 x730
395.912.131-89@done.msg.net,null,866.461.3493 x379
785.504.857-83@done.msg.net,null,(687) 586-8830 x8951
947.628.057-93@done.msg.net,null,(729) 715-3635 x52208
687.119.616-74@done.msg.net,null,(532) 682-6513 x4153
552.643.234-49@done.msg.net,null,480-694-8344 x83589
252.414.415-85@done.msg.net,Roberto91@hotmail.com,829.814.3901
932.645.345-56@done.msg.net,Savanna67@hotmail.com,994-739-1012 x3160
980.767.827-08@done.msg.net,Caden_Rodriguez-Tillman@hotmail.com,1-786-918-5093
727.854.327-63@done.msg.net,Kirstin_Hermiston36@hotmail.com,827-833-1900
179.753.267-07@done.msg.net,null,(786) 870-5896
400.076.700-32@done.msg.net,null,(343) 690-0683 x10049
260.564.567-15@done.msg.net,null,743-205-4016 x6039
000.449.886-42@done.msg.net,null,404-273-1794
091.929.592-19@done.msg.net,null,428-337-6485
601.142.725-57@done.msg.net,null,884-526-7872 x812
742.514.392-86@done.msg.net,null,827-582-8083
775.986.047-99@done.msg.net,null,1-576-975-7296 x914
133.801.441-04@done.msg.net,Janie.Jerde99@hotmail.com,1-569-729-3736 x5185
205.504.568-30@done.msg.net,null,1-777-872-7194
149.355.158-11@done.msg.net,null,(371) 889-3497
865.938.514-46@done.msg.net,null,1-744-623-2440
399.491.577-58@done.msg.net,null,(495) 946-0930 x1200
007.263.261-16@done.msg.net,null,(205) 877-6863 x7887
507.321.980-81@done.msg.net,null,(952) 884-0707 x6990
742.569.204-46@done.msg.net,null,(661) 399-7962 x12055
322.097.370-67@done.msg.net,null,(899) 838-5958 x4882
866.472.423-89@done.msg.net,Haleigh_Breitenberg@yahoo.com,1-575-292-1481 x338
810.750.523-21@done.msg.net,null,1-399-515-3737 x374
283.534.794-79@done.msg.net,Alexane52@yahoo.com,753-878-4630
506.360.932-48@done.msg.net,null,864.850.5306 x80346
056.425.678-76@done.msg.net,null,1-453-306-4784 x8095
957.312.778-14@done.msg.net,null,(874) 930-1422 x12018
357.767.758-63@done.msg.net,null,743-927-6736 x5734
091.493.166-11@done.msg.net,null,1-401-691-0689 x735
725.895.092-25@done.msg.net,null,430.393.5345 x21026
312.365.830-43@done.msg.net,null,1-407-719-1998 x6625
206.996.882-21@done.msg.net,null,(361) 856-8372
272.921.115-94@done.msg.net,Pearlie.Parisian@yahoo.com,240-946-5916
316.159.553-48@done.msg.net,null,400.710.2944 x1341
324.873.762-25@done.msg.net,null,1-429-948-4514 x4040
702.154.781-31@done.msg.net,Claude.Jaskolski65@gmail.com,380-891-0601
527.249.432-89@done.msg.net,Yvonne_Kuhlman38@hotmail.com,774-259-0274 x67630
722.581.563-38@done.msg.net,null,1-696-278-6814 x394
496.230.805-02@done.msg.net,Jalyn66@hotmail.com,1-929-710-4906 x58428
668.114.665-73@done.msg.net,Paul.Emard35@hotmail.com,939-353-8065 x716
892.501.030-05@done.msg.net,null,711.292.9433 x8611
013.742.577-62@done.msg.net,null,(952) 875-4880 x98022
234.889.455-66@done.msg.net,null,1-369-412-9657
800.517.228-87@done.msg.net,null,756-406-1207 x7622
027.384.147-87@done.msg.net,null,(544) 364-2631 x19892
401.755.954-48@done.msg.net,null,(300) 448-5788
491.898.010-46@done.msg.net,Kenton_Ziemann43@gmail.com,789-926-0757 x696
488.121.085-89@done.msg.net,Carmen_Glover@gmail.com,964-272-6595
063.192.751-61@done.msg.net,null,(603) 778-3010
036.962.872-98@done.msg.net,null,(644) 870-9967 x362
528.972.933-28@done.msg.net,null,575-349-0517 x050
783.933.414-70@done.msg.net,null,(873) 553-1826 x8447
387.370.454-22@done.msg.net,null,275-439-9501 x327
963.502.923-34@done.msg.net,Cristopher92@yahoo.com,1-786-704-5884 x33778
136.472.331-75@done.msg.net,null,758.301.5625 x67019
072.468.416-62@done.msg.net,null,1-780-686-6061 x5095
350.173.907-05@done.msg.net,null,226.752.5664 x9845
487.311.441-69@done.msg.net,Milford_Schowalter83@yahoo.com,547-285-5165 x8663
419.921.645-95@done.msg.net,null,272.837.4329
982.715.081-74@done.msg.net,null,1-562-935-5647 x2871
953.026.985-77@done.msg.net,null,506-853-5801 x55627
110.238.886-62@done.msg.net,null,659.921.0176 x14394
073.988.430-34@done.msg.net,null,324-591-6736 x2213
342.853.591-06@done.msg.net,Louvenia.Greenfelder@hotmail.com,658.235.8196
299.511.798-02@done.msg.net,null,948.981.3787
540.526.455-49@done.msg.net,null,468-821-6269 x8007
847.727.777-67@done.msg.net,null,1-798-690-8772 x78482
282.832.636-42@done.msg.net,null,(514) 436-1359 x55056
532.454.637-09@done.msg.net,null,452-590-4321 x926
462.879.580-62@done.msg.net,Raoul2@gmail.com,978-760-8652 x886
426.092.136-19@done.msg.net,null,985.971.3253
657.725.275-46@done.msg.net,null,1-921-608-7027 x83962
462.313.204-26@done.msg.net,null,(455) 293-8677 x332
137.897.584-78@done.msg.net,null,841.734.9460 x887
964.648.282-46@done.msg.net,Rosalee52@hotmail.com,453.651.2674 x816
862.967.690-27@done.msg.net,null,455.553.5357 x6530
678.230.017-16@done.msg.net,null,222-490-3333 x062
276.614.408-80@done.msg.net,null,310-727-7582
484.152.652-86@done.msg.net,Ben42@hotmail.com,(834) 549-9803 x795
056.801.690-95@done.msg.net,null,(619) 232-5402
590.536.061-47@done.msg.net,null,518.428.7015 x59455
690.800.208-33@done.msg.net,Devon93@gmail.com,(883) 245-8909
251.150.421-74@done.msg.net,null,923.328.3872 x321
595.305.796-01@done.msg.net,null,(470) 817-4725 x5918
887.376.785-25@done.msg.net,null,583-262-0474 x68416
646.672.855-63@done.msg.net,null,1-467-656-7255 x1408
280.916.284-45@done.msg.net,null,(374) 620-6733 x565
661.501.154-87@done.msg.net,null,(309) 389-7138 x6043
664.509.336-64@done.msg.net,null,1-379-594-2627 x027
020.672.952-24@done.msg.net,Laurie.Jacobson@hotmail.com,(244) 746-4863 x06546
198.792.621-23@done.msg.net,null,1-912-724-5135
311.853.526-20@done.msg.net,null,792.752.9417 x7466
306.292.568-50@done.msg.net,null,851.468.6836
735.909.073-77@done.msg.net,null,268-346-0672 x00105
446.690.531-33@done.msg.net,null,(521) 976-8026 x1626
276.535.796-56@done.msg.net,null,424.559.8254 x216
848.189.395-03@done.msg.net,Geovany28@gmail.com,895.324.5277 x351
827.633.170-35@done.msg.net,null,1-324-553-1699 x45962
545.701.984-29@done.msg.net,null,(371) 911-2841 x7643
768.612.096-85@done.msg.net,null,881.297.8241 x4244
380.378.365-47@done.msg.net,null,387-269-7655 x470
867.246.495-44@done.msg.net,null,824.996.0479 x1585
673.661.158-38@done.msg.net,null,619.242.4094 x08353
156.403.531-50@done.msg.net,Tommie.Pacocha52@gmail.com,645.750.8161 x75405
836.439.646-80@done.msg.net,null,672.448.9565 x1746
231.725.109-93@done.msg.net,null,719.702.8561 x447
356.067.395-25@done.msg.net,null,239.556.6172 x6184
769.167.302-62@done.msg.net,null,(380) 356-5038
092.981.285-34@done.msg.net,null,(780) 918-1162 x4076
537.284.394-39@done.msg.net,null,1-574-720-5636 x41696
969.135.896-06@done.msg.net,null,830.223.9269 x698
949.882.791-04@done.msg.net,null,(638) 558-0646 x413
866.568.022-54@done.msg.net,null,(410) 557-2430 x7991
734.409.694-05@done.msg.net,null,(459) 433-1675 x1702
419.062.101-06@done.msg.net,null,(565) 434-3366
495.937.838-78@done.msg.net,null,274.326.5644 x928
773.270.252-90@done.msg.net,null,318.516.8153
833.628.088-81@done.msg.net,Holly.Cummerata18@gmail.com,1-248-342-9501
795.875.297-72@done.msg.net,null,(400) 636-2582 x85278
918.024.149-48@done.msg.net,null,809.716.7477
426.673.207-35@done.msg.net,null,(733) 236-7041
757.327.901-67@done.msg.net,null,216.436.8638
564.938.577-48@done.msg.net,null,218.467.2044 x17064
280.772.634-21@done.msg.net,null,(682) 561-8909
030.764.845-54@done.msg.net,null,1-606-667-4555 x89625
847.959.919-57@done.msg.net,null,(638) 325-1146
230.750.474-89@done.msg.net,null,408-948-2294
181.431.997-93@done.msg.net,null,1-642-825-3701 x420
263.265.277-89@done.msg.net,Donald_Maggio63@gmail.com,534.292.0458 x571
165.095.255-03@done.msg.net,null,708-410-7124
117.511.540-80@done.msg.net,null,(403) 607-6894 x059
886.599.692-25@done.msg.net,null,503.515.5398
585.525.306-03@done.msg.net,null,615-854-1558 x00462
397.332.726-01@done.msg.net,Frances.Abshire@gmail.com,683.894.7058 x27485
485.855.166-44@done.msg.net,Trinity.Stark@gmail.com,1-911-572-3929
707.677.422-36@done.msg.net,null,528.835.5064 x339
410.607.320-91@done.msg.net,null,1-707-718-4120 x7163
433.366.153-67@done.msg.net,null,1-740-632-6428 x040
008.434.941-46@done.msg.net,null,(927) 813-6878 x876
048.179.639-12@done.msg.net,null,720.994.5866
654.082.150-14@done.msg.net,null,875-539-8339 x38892
987.365.835-73@done.msg.net,null,1-442-919-4877 x529
896.169.233-78@done.msg.net,null,(616) 275-1500
768.728.325-34@done.msg.net,null,(640) 757-9847 x1094
073.161.286-90@done.msg.net,null,589-287-8598 x431
907.626.884-44@done.msg.net,null,764-659-1664 x8363
989.765.428-32@done.msg.net,null,1-604-656-8335 x67734
609.881.332-52@done.msg.net,Myrl.Spencer@hotmail.com,(280) 653-6795 x3500
365.404.475-37@done.msg.net,null,(411) 874-3347
616.787.788-15@done.msg.net,null,896.599.2253 x06867
010.384.420-72@done.msg.net,null,315.940.3016
419.564.465-31@done.msg.net,Zane_Hayes50@yahoo.com,(433) 731-0029 x720
571.976.091-80@done.msg.net,null,941-785-9009 x2834
934.756.159-11@done.msg.net,null,1-523-486-4468 x0981
627.370.485-60@done.msg.net,null,940-911-8090
586.200.616-07@done.msg.net,Wade16@yahoo.com,1-551-781-4656
328.252.075-89@done.msg.net,null,1-780-896-5647
905.087.249-86@done.msg.net,null,(534) 795-8254 x70274
970.760.039-36@done.msg.net,null,833.795.5475 x922
746.104.996-78@done.msg.net,null,(589) 685-3914 x998
734.720.994-17@done.msg.net,null,212-647-5807 x563
284.682.658-34@done.msg.net,null,388-296-4006
098.803.704-82@done.msg.net,null,663-216-9056 x6904
572.140.190-89@done.msg.net,Melba.Dicki92@gmail.com,(414) 410-3614
214.820.805-31@done.msg.net,null,321.803.8691
992.210.992-74@done.msg.net,Jesse.Feeney57@gmail.com,532.476.8597 x7539
286.775.992-73@done.msg.net,null,1-735-986-9744
178.944.242-16@done.msg.net,Lupe69@yahoo.com,984-677-4067
406.026.826-10@done.msg.net,Celestino85@yahoo.com,(725) 396-0123 x5957
364.179.634-64@done.msg.net,null,(732) 582-2865 x66559
651.561.880-54@done.msg.net,null,503.897.7530 x73672
066.158.256-81@done.msg.net,Titus.Stamm@gmail.com,687-263-6545 x99019
975.129.370-35@done.msg.net,null,273-427-6648 x9533
027.664.881-72@done.msg.net,null,799-975-5172 x78484
242.447.656-83@done.msg.net,Rodrick.Schmidt@yahoo.com,644-570-3714 x3199
743.858.228-46@done.msg.net,null,1-478-226-9950 x8723
629.665.908-74@done.msg.net,null,243.293.2645
280.829.039-01@done.msg.net,null,(830) 238-6004 x90575
671.393.238-57@done.msg.net,Tony_Stamm59@gmail.com,281-933-5141 x62024
210.404.546-89@done.msg.net,Noelia.Oberbrunner49@gmail.com,(810) 801-5442
678.064.632-38@done.msg.net,Petra_MacGyver5@hotmail.com,(324) 211-1219 x28859
027.308.902-23@done.msg.net,Krystel.Hyatt99@yahoo.com,639.774.7473
028.133.871-62@done.msg.net,null,205-381-9237 x5915
184.131.643-03@done.msg.net,null,680-476-8281 x74331
097.585.781-87@done.msg.net,null,(327) 550-6143 x591
311.259.556-21@done.msg.net,null,646.808.5383 x460
726.200.853-49@done.msg.net,null,1-969-803-5405 x30454
459.009.382-51@done.msg.net,null,486-866-0925 x1432
362.876.214-60@done.msg.net,Jamey.Dickens35@yahoo.com,656-945-7956 x6890
135.997.008-45@done.msg.net,null,1-334-349-6470
198.621.544-86@done.msg.net,null,1-989-952-4883
466.680.316-28@done.msg.net,null,(890) 516-2646
079.769.660-54@done.msg.net,Joyce.Bergstrom53@yahoo.com,(534) 875-5478 x6566
970.902.630-31@done.msg.net,null,815-520-2682
946.104.422-97@done.msg.net,null,880.742.7544
668.823.074-13@done.msg.net,null,1-604-262-5862 x1647
252.433.354-68@done.msg.net,Soledad.Bahringer@gmail.com,1-205-201-5897 x85602
187.969.829-40@done.msg.net,null,435.866.2675 x2563
067.804.950-69@done.msg.net,null,805.772.7410 x053
534.250.327-25@done.msg.net,null,(436) 768-8195 x028
186.162.868-33@done.msg.net,null,1-532-237-3066 x0838
650.427.475-17@done.msg.net,Mike_Glover17@gmail.com,764-255-4039 x894
296.259.538-43@done.msg.net,Alisa53@yahoo.com,1-654-483-5945 x9888
960.543.487-37@done.msg.net,Jevon_Walter@hotmail.com,(846) 963-2637 x7984
137.912.812-50@done.msg.net,Denis77@yahoo.com,1-230-813-2890
568.950.149-16@done.msg.net,Nasir_Schiller@gmail.com,(816) 650-7662 x491
265.244.126-44@done.msg.net,Destany_Spencer99@yahoo.com,792-315-5667 x6003
559.305.640-48@done.msg.net,null,609-251-5989 x40568
073.820.361-60@done.msg.net,null,1-518-696-5151
233.418.508-75@done.msg.net,null,250.492.0787 x26124
224.211.559-33@done.msg.net,Gabe_Mohr@gmail.com,486.868.4982 x960
044.968.372-69@done.msg.net,null,280.285.4648
791.187.576-35@done.msg.net,Santiago_Haag@gmail.com,574.421.5610 x203
585.740.099-27@done.msg.net,null,(670) 885-1664 x45611
305.116.367-32@done.msg.net,null,1-395-970-5817 x328
472.367.876-63@done.msg.net,null,787-867-8019 x2319
887.425.701-21@done.msg.net,King.Gibson58@hotmail.com,(268) 295-2865 x619
866.113.667-62@done.msg.net,null,989.909.1339 x30108
101.211.141-66@done.msg.net,null,(867) 300-1078 x8113
930.050.752-23@done.msg.net,null,258.706.8235 x89203
691.553.447-60@done.msg.net,null,(374) 750-8241
035.945.898-47@done.msg.net,null,(929) 708-4050
316.323.318-66@done.msg.net,null,1-638-604-4943
683.361.560-25@done.msg.net,Jaeden82@yahoo.com,(243) 752-5112 x919
159.627.592-99@done.msg.net,Elvie_Hansen61@hotmail.com,(508) 540-4916 x61727
053.908.374-16@done.msg.net,null,916-467-1891 x25044
863.395.125-97@done.msg.net,Joanne_McDermott@yahoo.com,(424) 865-2129 x58139
864.301.398-00@done.msg.net,null,(313) 316-4410
091.035.418-37@done.msg.net,null,(248) 584-3821 x4925
340.615.906-76@done.msg.net,null,(758) 438-4194 x71775
846.279.107-61@done.msg.net,null,714.572.7320 x862
701.179.853-82@done.msg.net,null,1-839-563-9738 x174
319.067.249-11@done.msg.net,Raymundo.Breitenberg34@hotmail.com,869.405.5257
094.110.971-52@done.msg.net,null,247.904.8454
302.511.125-50@done.msg.net,null,988-224-4857
904.702.194-92@done.msg.net,Brooklyn.Quigley@yahoo.com,679-833-9135 x39893
039.946.800-33@done.msg.net,null,277.324.0295
485.481.160-49@done.msg.net,Maida_Lemke@yahoo.com,247.600.3138 x290
137.378.680-22@done.msg.net,null,267-503-7764
921.603.902-52@done.msg.net,null,1-357-436-0660 x096
479.644.031-38@done.msg.net,null,341-221-8491
915.621.285-00@done.msg.net,null,305-931-0612 x1467
798.009.820-74@done.msg.net,Bertha_Bayer@hotmail.com,844.423.4773
504.694.474-62@done.msg.net,null,891-466-9992 x010
794.675.649-55@done.msg.net,null,333-583-4998 x918
637.837.728-78@done.msg.net,Citlalli.Haley@gmail.com,1-290-557-0755 x194
923.933.869-89@done.msg.net,Enid.Powlowski13@yahoo.com,615.518.5523
766.618.447-05@done.msg.net,null,405.316.0853 x797
649.911.355-24@done.msg.net,null,282.803.0144 x597
393.829.004-31@done.msg.net,null,(934) 513-7975 x301
964.211.129-48@done.msg.net,null,602.645.0250 x7370
502.184.031-13@done.msg.net,null,1-838-215-5599 x93869
177.534.621-88@done.msg.net,null,1-629-886-1221 x6899
909.723.415-10@done.msg.net,null,1-947-598-2317 x6184
441.071.086-29@done.msg.net,null,372-844-5016 x3357
993.088.376-25@done.msg.net,null,218.829.4166 x940
381.630.462-86@done.msg.net,null,1-995-347-4293 x90491
568.705.818-36@done.msg.net,Darwin_Kuphal43@yahoo.com,1-921-895-1673 x28898
449.158.641-18@done.msg.net,null,317-251-7186 x98529
165.885.185-21@done.msg.net,null,444-519-0673 x2375
342.143.231-27@done.msg.net,null,1-238-412-8427 x5332
282.645.668-96@done.msg.net,Juliana_Mueller81@hotmail.com,396.958.6265 x1352
489.140.975-15@done.msg.net,null,(384) 275-9774
465.637.920-54@done.msg.net,null,634-475-1141
141.297.976-30@done.msg.net,null,(920) 959-9797
907.079.711-45@done.msg.net,null,1-864-297-7981 x5870
393.881.113-55@done.msg.net,null,(247) 814-2332 x400
710.817.647-49@done.msg.net,null,508.380.3116
637.046.526-83@done.msg.net,null,1-986-307-5953 x03439
758.704.424-49@done.msg.net,null,(334) 404-4343 x5993
022.044.945-23@done.msg.net,null,(294) 593-6168
052.773.425-84@done.msg.net,null,637.302.1259 x2859
138.959.345-62@done.msg.net,null,515.917.3276 x6628
709.220.999-36@done.msg.net,Eldora67@gmail.com,1-294-863-8166 x467
739.578.059-52@done.msg.net,Reagan.Hahn@yahoo.com,(415) 342-9277 x298
882.637.450-55@done.msg.net,Lucinda_Nader@gmail.com,1-354-398-5060 x90086
195.291.509-61@done.msg.net,null,257-760-6706 x3253
648.538.669-43@done.msg.net,null,536-567-6895 x97238
363.570.843-73@done.msg.net,null,972-448-8648
619.065.836-41@done.msg.net,null,995.626.0047 x279
464.912.767-65@done.msg.net,Myah94@yahoo.com,(748) 671-0090 x422
289.314.118-56@done.msg.net,null,822.768.7938 x0454
708.758.439-12@done.msg.net,null,1-985-838-7571
592.414.002-46@done.msg.net,null,900.259.1472 x843
981.441.344-24@done.msg.net,null,(294) 973-9860 x557
955.285.046-34@done.msg.net,Pierre.Waelchi19@yahoo.com,404.501.2804 x425
686.503.645-86@done.msg.net,null,(371) 644-8036 x666
777.769.549-74@done.msg.net,Cassandra36@gmail.com,465.298.9003 x041
433.748.835-50@done.msg.net,null,757.943.6561 x10467
383.814.583-60@done.msg.net,null,(556) 382-7841
817.626.176-99@done.msg.net,null,720.284.3384 x277
468.124.172-83@done.msg.net,Tom0@gmail.com,(767) 698-3917 x701
364.451.344-89@done.msg.net,null,1-891-906-8745
183.138.453-77@done.msg.net,null,937.559.9318 x802
042.802.277-81@done.msg.net,null,(713) 698-1733 x231
410.956.780-22@done.msg.net,null,1-810-571-8890 x917
077.256.585-07@done.msg.net,null,363-380-6021 x474
236.451.304-75@done.msg.net,null,1-672-856-7596 x187
008.234.176-84@done.msg.net,null,1-692-221-4652 x02977
215.761.240-86@done.msg.net,null,247.555.6422 x21645
483.071.981-51@done.msg.net,null,465.221.2239
836.080.658-35@done.msg.net,null,274.438.7277 x426
269.254.711-46@done.msg.net,null,907.597.8290 x804
068.691.705-27@done.msg.net,null,1-730-565-1763 x950
991.719.147-91@done.msg.net,null,1-545-841-3895 x839
567.572.559-08@done.msg.net,null,634.977.6463 x39279
271.228.273-55@done.msg.net,null,841.633.1367 x366
469.781.949-02@done.msg.net,null,553.265.2395 x4364
189.184.723-51@done.msg.net,null,441.318.8344 x9777
655.936.286-58@done.msg.net,null,873.764.4559 x5614
381.430.707-26@done.msg.net,null,890.692.4198 x397
312.771.730-87@done.msg.net,null,(228) 230-8815 x93683
316.141.787-63@done.msg.net,null,1-501-877-6435 x01837
504.820.975-96@done.msg.net,Tyshawn.Halvorson37@gmail.com,932-572-6149 x731
495.938.404-09@done.msg.net,null,744.584.9141 x8630
594.283.429-18@done.msg.net,null,1-407-573-9953
372.758.341-65@done.msg.net,null,624-377-0906 x495
665.050.226-13@done.msg.net,null,482.733.5218 x1570
716.439.166-67@done.msg.net,null,(982) 618-7311 x8796
025.833.722-65@done.msg.net,null,219.220.7027 x9112
342.180.860-67@done.msg.net,Cordie.Nolan@gmail.com,(681) 450-1652
117.959.561-38@done.msg.net,Ken_Wisoky58@hotmail.com,253.424.1527 x277
873.915.216-49@done.msg.net,null,676.867.3037
188.534.319-39@done.msg.net,Micah3@yahoo.com,(362) 250-1911 x466
461.978.086-75@done.msg.net,null,961-680-0652 x03534
393.186.773-41@done.msg.net,null,(709) 612-0529
899.890.048-14@done.msg.net,null,436-823-5779 x237
678.158.607-39@done.msg.net,null,1-743-620-5277
688.726.967-87@done.msg.net,null,960.377.7846 x6490
703.842.736-25@done.msg.net,null,496-834-8162 x939
541.111.953-91@done.msg.net,null,1-621-952-1246 x43595
740.217.498-77@done.msg.net,null,780.703.3499
221.932.781-79@done.msg.net,River_Schinner71@hotmail.com,(598) 933-9744 x92026
338.018.611-44@done.msg.net,null,997-992-9266 x48927
